-- --------------------------------------------------------
-- Host:                         127.0.0.1
-- Server version:               5.5.31-log - MySQL Community Server (GPL)
-- Server OS:                    Win64
-- HeidiSQL Version:             8.0.0.4396
-- --------------------------------------------------------

/*!40101 SET @OLD_CHARACTER_SET_CLIENT=@@CHARACTER_SET_CLIENT */;
/*!40101 SET NAMES utf8 */;
/*!40014 SET @OLD_FOREIGN_KEY_CHECKS=@@FOREIGN_KEY_CHECKS, FOREIGN_KEY_CHECKS=0 */;
/*!40101 SET @OLD_SQL_MODE=@@SQL_MODE, SQL_MODE='NO_AUTO_VALUE_ON_ZERO' */;

-- Dumping database structure for common
DROP DATABASE IF EXISTS `common`;
CREATE DATABASE IF NOT EXISTS `common` /*!40100 DEFAULT CHARACTER SET utf8 */;
USE `common`;


-- Dumping structure for table common.address
DROP TABLE IF EXISTS `address`;
CREATE TABLE IF NOT EXISTS `address` (
  `AddressId` int(10) NOT NULL AUTO_INCREMENT,
  `Address1` varchar(500) DEFAULT NULL,
  `Address2` varchar(500) DEFAULT NULL,
  `CityId` int(11) DEFAULT NULL,
  `ZipCode` varchar(15) DEFAULT NULL,
  `Location` point DEFAULT NULL,
  PRIMARY KEY (`AddressId`),
  KEY `FK_address_city` (`CityId`),
  CONSTRAINT `FK_address_city` FOREIGN KEY (`CityId`) REFERENCES `city` (`CityId`)
) ENGINE=InnoDB AUTO_INCREMENT=3 DEFAULT CHARSET=utf8;

-- Dumping data for table common.address: ~2 rows (approximately)
/*!40000 ALTER TABLE `address` DISABLE KEYS */;
INSERT INTO `address` (`AddressId`, `Address1`, `Address2`, `CityId`, `ZipCode`, `Location`) VALUES
	(1, '201 Market Street', NULL, 1, '23462', _binary 0x000000000101000000D9092FC1A90853C019FF3EE3C26B4240),
	(2, '5960 Stewart Parkway', NULL, 2, '30135', _binary 0x0000000001010000003E7958A8353155C0CE1951DA1BDC4040);
/*!40000 ALTER TABLE `address` ENABLE KEYS */;


-- Dumping structure for table common.application
DROP TABLE IF EXISTS `application`;
CREATE TABLE IF NOT EXISTS `application` (
  `ApplicationId` int(10) NOT NULL AUTO_INCREMENT,
  `Name` varchar(50) NOT NULL,
  PRIMARY KEY (`ApplicationId`)
) ENGINE=InnoDB AUTO_INCREMENT=2 DEFAULT CHARSET=utf8;

-- Dumping data for table common.application: ~1 rows (approximately)
/*!40000 ALTER TABLE `application` DISABLE KEYS */;
INSERT INTO `application` (`ApplicationId`, `Name`) VALUES
	(1, 'Modnaut Demo');
/*!40000 ALTER TABLE `application` ENABLE KEYS */;


-- Dumping structure for table common.attribute
DROP TABLE IF EXISTS `attribute`;
CREATE TABLE IF NOT EXISTS `attribute` (
  `AttributeId` int(10) NOT NULL AUTO_INCREMENT,
  `AttributeName` varchar(255) NOT NULL,
  `AttributeTypeId` int(10) NOT NULL,
  PRIMARY KEY (`AttributeId`),
  KEY `FK_attribute_attributetype` (`AttributeTypeId`),
  CONSTRAINT `FK_attribute_attributetype` FOREIGN KEY (`AttributeTypeId`) REFERENCES `attributetype` (`AttributeTypeId`)
) ENGINE=InnoDB AUTO_INCREMENT=2 DEFAULT CHARSET=utf8;

-- Dumping data for table common.attribute: ~1 rows (approximately)
/*!40000 ALTER TABLE `attribute` DISABLE KEYS */;
INSERT INTO `attribute` (`AttributeId`, `AttributeName`, `AttributeTypeId`) VALUES
	(1, 'CACHE_XSL', 1);
/*!40000 ALTER TABLE `attribute` ENABLE KEYS */;


-- Dumping structure for table common.attributetype
DROP TABLE IF EXISTS `attributetype`;
CREATE TABLE IF NOT EXISTS `attributetype` (
  `AttributeTypeId` int(10) NOT NULL AUTO_INCREMENT,
  `Description` varchar(50) NOT NULL,
  PRIMARY KEY (`AttributeTypeId`)
) ENGINE=InnoDB AUTO_INCREMENT=5 DEFAULT CHARSET=utf8;

-- Dumping data for table common.attributetype: ~4 rows (approximately)
/*!40000 ALTER TABLE `attributetype` DISABLE KEYS */;
INSERT INTO `attributetype` (`AttributeTypeId`, `Description`) VALUES
	(1, 'Text'),
	(2, 'Integer'),
	(3, 'Float'),
	(4, 'Date');
/*!40000 ALTER TABLE `attributetype` ENABLE KEYS */;


-- Dumping structure for table common.city
DROP TABLE IF EXISTS `city`;
CREATE TABLE IF NOT EXISTS `city` (
  `CityId` int(10) NOT NULL AUTO_INCREMENT,
  `Name` varchar(500) NOT NULL,
  `StateId` int(11) NOT NULL,
  PRIMARY KEY (`CityId`),
  KEY `FK_City_state` (`StateId`),
  CONSTRAINT `FK_City_state` FOREIGN KEY (`StateId`) REFERENCES `state` (`StateId`)
) ENGINE=InnoDB AUTO_INCREMENT=3 DEFAULT CHARSET=utf8;

-- Dumping data for table common.city: ~2 rows (approximately)
/*!40000 ALTER TABLE `city` DISABLE KEYS */;
INSERT INTO `city` (`CityId`, `Name`, `StateId`) VALUES
	(1, 'Virginia Beach', 46),
	(2, 'Douglasville', 10);
/*!40000 ALTER TABLE `city` ENABLE KEYS */;


-- Dumping structure for table common.clan
DROP TABLE IF EXISTS `clan`;
CREATE TABLE IF NOT EXISTS `clan` (
  `ClanId` int(10) NOT NULL AUTO_INCREMENT,
  `ClanDescription` varchar(50) NOT NULL,
  PRIMARY KEY (`ClanId`)
) ENGINE=InnoDB AUTO_INCREMENT=2 DEFAULT CHARSET=utf8;

-- Dumping data for table common.clan: ~1 rows (approximately)
/*!40000 ALTER TABLE `clan` DISABLE KEYS */;
INSERT INTO `clan` (`ClanId`, `ClanDescription`) VALUES
	(1, 'TestGroup');
/*!40000 ALTER TABLE `clan` ENABLE KEYS */;


-- Dumping structure for table common.clanpower
DROP TABLE IF EXISTS `clanpower`;
CREATE TABLE IF NOT EXISTS `clanpower` (
  `ClanId` int(10) NOT NULL,
  `PowerId` int(10) NOT NULL,
  PRIMARY KEY (`ClanId`,`PowerId`),
  KEY `FK_ClanPower_power` (`PowerId`),
  CONSTRAINT `FK_ClanPower_clan` FOREIGN KEY (`ClanId`) REFERENCES `clan` (`ClanId`),
  CONSTRAINT `FK_ClanPower_power` FOREIGN KEY (`PowerId`) REFERENCES `power` (`PowerId`)
) ENGINE=InnoDB DEFAULT CHARSET=utf8;

-- Dumping data for table common.clanpower: ~2 rows (approximately)
/*!40000 ALTER TABLE `clanpower` DISABLE KEYS */;
INSERT INTO `clanpower` (`ClanId`, `PowerId`) VALUES
	(1, 1),
	(1, 2);
/*!40000 ALTER TABLE `clanpower` ENABLE KEYS */;


-- Dumping structure for table common.country
DROP TABLE IF EXISTS `country`;
CREATE TABLE IF NOT EXISTS `country` (
  `CountryId` int(10) NOT NULL DEFAULT '0',
  `Name` varchar(500) NOT NULL,
  `Abbreviation` varchar(50) NOT NULL,
  `DefaultLanguageId` smallint(11) NOT NULL,
  PRIMARY KEY (`CountryId`),
  KEY `FK_country_language` (`DefaultLanguageId`),
  CONSTRAINT `FK_country_language` FOREIGN KEY (`DefaultLanguageId`) REFERENCES `language` (`LanguageId`)
) ENGINE=InnoDB DEFAULT CHARSET=utf8;

-- Dumping data for table common.country: ~1 rows (approximately)
/*!40000 ALTER TABLE `country` DISABLE KEYS */;
INSERT INTO `country` (`CountryId`, `Name`, `Abbreviation`, `DefaultLanguageId`) VALUES
	(1, 'United States of America', 'USA', 1);
/*!40000 ALTER TABLE `country` ENABLE KEYS */;


-- Dumping structure for table common.entityattributevalue
DROP TABLE IF EXISTS `entityattributevalue`;
CREATE TABLE IF NOT EXISTS `entityattributevalue` (
  `EntityAttributeValueId` int(10) NOT NULL AUTO_INCREMENT,
  `EntityTypeId` int(10) NOT NULL,
  `EntityId` int(10) NOT NULL,
  `AttributeId` int(10) NOT NULL,
  `AttributeValue` varchar(20000) DEFAULT NULL,
  PRIMARY KEY (`EntityAttributeValueId`),
  UNIQUE KEY `Index 4` (`EntityId`,`AttributeId`,`EntityTypeId`),
  KEY `FK_EntityAttributeValue_entitytype` (`EntityTypeId`),
  KEY `FK_EntityAttributeValue_attribute` (`AttributeId`),
  CONSTRAINT `FK_EntityAttributeValue_attribute` FOREIGN KEY (`AttributeId`) REFERENCES `attribute` (`AttributeId`),
  CONSTRAINT `FK_EntityAttributeValue_entitytype` FOREIGN KEY (`EntityTypeId`) REFERENCES `entitytype` (`EntityTypeId`)
) ENGINE=InnoDB AUTO_INCREMENT=6 DEFAULT CHARSET=utf8;

-- Dumping data for table common.entityattributevalue: ~2 rows (approximately)
/*!40000 ALTER TABLE `entityattributevalue` DISABLE KEYS */;
INSERT INTO `entityattributevalue` (`EntityAttributeValueId`, `EntityTypeId`, `EntityId`, `AttributeId`, `AttributeValue`) VALUES
	(1, 1, 1, 1, 'Y'),
	(5, 1, 2, 1, 'N');
/*!40000 ALTER TABLE `entityattributevalue` ENABLE KEYS */;


-- Dumping structure for table common.entitytype
DROP TABLE IF EXISTS `entitytype`;
CREATE TABLE IF NOT EXISTS `entitytype` (
  `EntityTypeId` int(10) NOT NULL AUTO_INCREMENT,
  `EntityTypeName` varchar(50) NOT NULL,
  `Table` varchar(255) NOT NULL,
  PRIMARY KEY (`EntityTypeId`)
) ENGINE=InnoDB AUTO_INCREMENT=2 DEFAULT CHARSET=utf8;

-- Dumping data for table common.entitytype: ~1 rows (approximately)
/*!40000 ALTER TABLE `entitytype` DISABLE KEYS */;
INSERT INTO `entitytype` (`EntityTypeId`, `EntityTypeName`, `Table`) VALUES
	(1, 'Environment', 'Common.Environment');
/*!40000 ALTER TABLE `entitytype` ENABLE KEYS */;


-- Dumping structure for table common.environment
DROP TABLE IF EXISTS `environment`;
CREATE TABLE IF NOT EXISTS `environment` (
  `EnvironmentId` int(10) NOT NULL AUTO_INCREMENT,
  `ParentEnvironmentId` int(10) DEFAULT NULL,
  `EnvironmentName` varchar(200) NOT NULL,
  `EnvironmentDescription` varchar(200) NOT NULL,
  PRIMARY KEY (`EnvironmentId`),
  KEY `FK_environment_environment` (`ParentEnvironmentId`),
  CONSTRAINT `FK_environment_environment` FOREIGN KEY (`ParentEnvironmentId`) REFERENCES `environment` (`EnvironmentId`)
) ENGINE=InnoDB AUTO_INCREMENT=3 DEFAULT CHARSET=utf8;

-- Dumping data for table common.environment: ~2 rows (approximately)
/*!40000 ALTER TABLE `environment` DISABLE KEYS */;
INSERT INTO `environment` (`EnvironmentId`, `ParentEnvironmentId`, `EnvironmentName`, `EnvironmentDescription`) VALUES
	(1, NULL, 'localhost', 'Local development PC'),
	(2, 1, 'localhost-web', 'Local development PC running web server');
/*!40000 ALTER TABLE `environment` ENABLE KEYS */;


-- Dumping structure for table common.hashpath
DROP TABLE IF EXISTS `hashpath`;
CREATE TABLE IF NOT EXISTS `hashpath` (
  `HashPathId` int(10) NOT NULL AUTO_INCREMENT,
  `HashPath` varchar(5000) NOT NULL,
  `Class` varchar(200) NOT NULL,
  `Method` varchar(200) NOT NULL,
  PRIMARY KEY (`HashPathId`),
  FULLTEXT KEY `Index 2` (`HashPath`,`Class`,`Method`)
) ENGINE=MyISAM AUTO_INCREMENT=3 DEFAULT CHARSET=utf8;

-- Dumping data for table common.hashpath: 2 rows
/*!40000 ALTER TABLE `hashpath` DISABLE KEYS */;
INSERT INTO `hashpath` (`HashPathId`, `HashPath`, `Class`, `Method`) VALUES
	(1, 'Market/List', 'com.modnaut.apps.farmarkets.MarketListCtrl', 'defaultAction'),
	(2, 'Market/Detail', 'com.modnaut.apps.farmarkets.MarketDetailCtrl', 'defaultAction');
/*!40000 ALTER TABLE `hashpath` ENABLE KEYS */;


-- Dumping structure for table common.language
DROP TABLE IF EXISTS `language`;
CREATE TABLE IF NOT EXISTS `language` (
  `LanguageId` smallint(3) NOT NULL AUTO_INCREMENT,
  `Name` varchar(100) NOT NULL,
  `LocalName` varchar(100) DEFAULT NULL,
  `FlagFileName` varchar(100) DEFAULT NULL,
  `IsoLanguageCd` varchar(2) NOT NULL,
  PRIMARY KEY (`LanguageId`)
) ENGINE=InnoDB AUTO_INCREMENT=4 DEFAULT CHARSET=utf8;

-- Dumping data for table common.language: ~3 rows (approximately)
/*!40000 ALTER TABLE `language` DISABLE KEYS */;
INSERT INTO `language` (`LanguageId`, `Name`, `LocalName`, `FlagFileName`, `IsoLanguageCd`) VALUES
	(1, 'English', 'English', NULL, 'en'),
	(2, 'Spanish', 'Español', NULL, 'es'),
	(3, 'Hebrew', 'עברית', NULL, 'he');
/*!40000 ALTER TABLE `language` ENABLE KEYS */;


-- Dumping structure for table common.ninja
DROP TABLE IF EXISTS `ninja`;
CREATE TABLE IF NOT EXISTS `ninja` (
  `NinjaId` int(10) NOT NULL AUTO_INCREMENT,
  `FirstName` varchar(50) NOT NULL,
  `LastName` varchar(50) NOT NULL,
  `EmailAddress` varchar(100) NOT NULL,
  `Password` varchar(100) NOT NULL,
  `NinjaTypeCd` char(1) NOT NULL DEFAULT 'C',
  `InvalidLoginAttempts` int(2) DEFAULT NULL,
  PRIMARY KEY (`NinjaId`),
  UNIQUE KEY `EmailAddress` (`EmailAddress`),
  KEY `FK_Ninja_ninjatype` (`NinjaTypeCd`),
  CONSTRAINT `FK_Ninja_ninjatype` FOREIGN KEY (`NinjaTypeCd`) REFERENCES `ninjatype` (`NinjaTypeCd`)
) ENGINE=InnoDB AUTO_INCREMENT=5 DEFAULT CHARSET=utf8;

-- Dumping data for table common.ninja: ~4 rows (approximately)
/*!40000 ALTER TABLE `ninja` DISABLE KEYS */;
INSERT INTO `ninja` (`NinjaId`, `FirstName`, `LastName`, `EmailAddress`, `Password`, `NinjaTypeCd`, `InvalidLoginAttempts`) VALUES
	(1, 'guest', 'guest', '', 'kLxNpX+0w9lWcamR3wSZ8O/828A=', 'C', 0),
	(2, 'Jamie', 'LaMarche', 'jlamarche@modnaut.com', 'kLxNpX+0w9lWcamR3wSZ8O/828A=', 'C', 0),
	(3, 'Danny', 'Cohn', 'dcohn@modnaut.com', 'kLxNpX+0w9lWcamR3wSZ8O/828A=', 'C', 0),
	(4, 'Ben', 'Dalgaardfasdfsa', 'bdalgaard@modnaut.com', 'kLxNpX+0w9lWcamR3wSZ8O/828A=', 'C', 0);
/*!40000 ALTER TABLE `ninja` ENABLE KEYS */;


-- Dumping structure for table common.ninjaclan
DROP TABLE IF EXISTS `ninjaclan`;
CREATE TABLE IF NOT EXISTS `ninjaclan` (
  `NinjaId` int(10) NOT NULL,
  `ClanId` int(10) NOT NULL,
  `CreatedByNinjaId` int(10) NOT NULL DEFAULT '4',
  `CreatedDate` timestamp NOT NULL DEFAULT CURRENT_TIMESTAMP ON UPDATE CURRENT_TIMESTAMP,
  PRIMARY KEY (`NinjaId`,`ClanId`),
  KEY `FK_ninjaclan_clan` (`ClanId`),
  KEY `FK_ninjaclan_ninja_2` (`CreatedByNinjaId`),
  CONSTRAINT `FK_ninjaclan_clan` FOREIGN KEY (`ClanId`) REFERENCES `clan` (`ClanId`),
  CONSTRAINT `FK_ninjaclan_ninja` FOREIGN KEY (`NinjaId`) REFERENCES `ninja` (`NinjaId`),
  CONSTRAINT `FK_ninjaclan_ninja_2` FOREIGN KEY (`CreatedByNinjaId`) REFERENCES `ninja` (`NinjaId`)
) ENGINE=InnoDB DEFAULT CHARSET=utf8;

-- Dumping data for table common.ninjaclan: ~1 rows (approximately)
/*!40000 ALTER TABLE `ninjaclan` DISABLE KEYS */;
INSERT INTO `ninjaclan` (`NinjaId`, `ClanId`, `CreatedByNinjaId`, `CreatedDate`) VALUES
	(3, 1, 3, '2013-04-08 22:24:18');
/*!40000 ALTER TABLE `ninjaclan` ENABLE KEYS */;


-- Dumping structure for table common.ninjapower
DROP TABLE IF EXISTS `ninjapower`;
CREATE TABLE IF NOT EXISTS `ninjapower` (
  `NinjaId` int(10) NOT NULL,
  `PowerId` int(10) NOT NULL,
  `CreatedByNinjaId` int(10) NOT NULL DEFAULT '0',
  `CreatedDate` timestamp NOT NULL DEFAULT CURRENT_TIMESTAMP ON UPDATE CURRENT_TIMESTAMP,
  PRIMARY KEY (`NinjaId`,`PowerId`),
  KEY `FK_ninjapower_power` (`PowerId`),
  KEY `FK_ninjapower_ninja_2` (`CreatedByNinjaId`),
  CONSTRAINT `FK_ninjapower_ninja` FOREIGN KEY (`NinjaId`) REFERENCES `ninja` (`NinjaId`),
  CONSTRAINT `FK_ninjapower_ninja_2` FOREIGN KEY (`CreatedByNinjaId`) REFERENCES `ninja` (`NinjaId`),
  CONSTRAINT `FK_ninjapower_power` FOREIGN KEY (`PowerId`) REFERENCES `power` (`PowerId`)
) ENGINE=InnoDB DEFAULT CHARSET=utf8;

-- Dumping data for table common.ninjapower: ~3 rows (approximately)
/*!40000 ALTER TABLE `ninjapower` DISABLE KEYS */;
INSERT INTO `ninjapower` (`NinjaId`, `PowerId`, `CreatedByNinjaId`, `CreatedDate`) VALUES
	(1, 1, 1, '2013-02-26 11:12:16'),
	(1, 2, 1, '2013-02-26 11:12:59'),
	(4, 1, 4, '2013-04-18 00:19:26');
/*!40000 ALTER TABLE `ninjapower` ENABLE KEYS */;


-- Dumping structure for table common.ninjasession
DROP TABLE IF EXISTS `ninjasession`;
CREATE TABLE IF NOT EXISTS `ninjasession` (
  `NinjaId` int(10) NOT NULL DEFAULT '1',
  `SessionId` bigint(19) NOT NULL,
  KEY `FK__session` (`SessionId`),
  KEY `FK_ninja` (`NinjaId`),
  CONSTRAINT `FK_ninjasession_ninja` FOREIGN KEY (`NinjaId`) REFERENCES `ninja` (`NinjaId`)
) ENGINE=InnoDB DEFAULT CHARSET=utf8;

-- Dumping data for table common.ninjasession: ~40 rows (approximately)
/*!40000 ALTER TABLE `ninjasession` DISABLE KEYS */;
INSERT INTO `ninjasession` (`NinjaId`, `SessionId`) VALUES
	(1, 309872317084956),
	(1, 309872317084956),
	(1, 309872317084956),
	(1, 309872317084956),
	(1, 309872317084956),
	(1, 309872317084956),
	(1, 309872317084956),
	(1, 309872317084956),
	(1, 309872317084956),
	(1, 309872317084956),
	(1, 309872317084956),
	(1, 309872317084956),
	(1, 309872317084956),
	(1, 309872317084956),
	(1, 309872317084956),
	(1, 309872317084956),
	(1, 309872317084956),
	(1, 309872317084956),
	(1, 309872317084956);
/*!40000 ALTER TABLE `ninjasession` ENABLE KEYS */;


-- Dumping structure for table common.ninjatype
DROP TABLE IF EXISTS `ninjatype`;
CREATE TABLE IF NOT EXISTS `ninjatype` (
  `NinjaTypeCd` char(1) NOT NULL,
  `NinjaTypeDescription` varchar(50) NOT NULL,
  PRIMARY KEY (`NinjaTypeCd`)
) ENGINE=InnoDB DEFAULT CHARSET=utf8;

-- Dumping data for table common.ninjatype: ~2 rows (approximately)
/*!40000 ALTER TABLE `ninjatype` DISABLE KEYS */;
INSERT INTO `ninjatype` (`NinjaTypeCd`, `NinjaTypeDescription`) VALUES
	('A', 'Administrator'),
	('C', 'Customer');
/*!40000 ALTER TABLE `ninjatype` ENABLE KEYS */;


-- Dumping structure for table common.power
DROP TABLE IF EXISTS `power`;
CREATE TABLE IF NOT EXISTS `power` (
  `PowerId` int(10) NOT NULL AUTO_INCREMENT,
  `PowerDescription` varchar(100) NOT NULL,
  `PowerStatusCd` char(1) NOT NULL DEFAULT 'A',
  PRIMARY KEY (`PowerId`)
) ENGINE=InnoDB AUTO_INCREMENT=3 DEFAULT CHARSET=utf8;

-- Dumping data for table common.power: ~2 rows (approximately)
/*!40000 ALTER TABLE `power` DISABLE KEYS */;
INSERT INTO `power` (`PowerId`, `PowerDescription`, `PowerStatusCd`) VALUES
	(1, 'Application Access', 'A'),
	(2, 'Admin Access', 'A');
/*!40000 ALTER TABLE `power` ENABLE KEYS */;


-- Dumping structure for table common.session
DROP TABLE IF EXISTS `session`;
CREATE TABLE IF NOT EXISTS `session` (
  `SessionId` bigint(19) NOT NULL,
  `SessionObject` varbinary(65500) NOT NULL,
  `CreatedDate` timestamp NULL DEFAULT '0000-00-00 00:00:00',
  `LastModifiedDate` timestamp NOT NULL DEFAULT CURRENT_TIMESTAMP ON UPDATE CURRENT_TIMESTAMP,
  PRIMARY KEY (`SessionId`)
) ENGINE=InnoDB DEFAULT CHARSET=utf8;

-- Dumping data for table common.session: ~40 rows (approximately)
/*!40000 ALTER TABLE `session` DISABLE KEYS */;
INSERT INTO `session` (`SessionId`, `SessionObject`, `CreatedDate`, `LastModifiedDate`) VALUES
	(309872317084956, _binary 0xACED00057372002A636F6D2E6D6F646E6175742E6672616D65776F726B2E73657373696F6E2E4E696E6A6153657373696F6EC6D379D2ADF1911B0200075A001069735F61757468656E746963617465644900086E696E6A615F69644A000A73657373696F6E5F69644C0005656D61696C7400124C6A6176612F6C616E672F537472696E673B4C000966697273744E616D6571007E00014C00086C6173744E616D6571007E00014C00036D61707400134C6A6176612F7574696C2F486173684D61703B78700000000001000119D3C562B51C740000740005677565737471007E0005737200116A6176612E7574696C2E486173684D61700507DAC1C31660D103000246000A6C6F6164466163746F724900097468726573686F6C6478703F4000000000000C7708000000100000000274000466696C657372002F6F72672E6170616368652E636F6D6D6F6E732E66696C6575706C6F61642E6469736B2E4469736B46696C654974656D1F0D7226839A887103000A5A000B6973466F726D4669656C644A000473697A6549000D73697A655468726573686F6C645B000D636163686564436F6E74656E747400025B424C000B636F6E74656E745479706571007E00014C000864666F7346696C6574000E4C6A6176612F696F2F46696C653B4C00096669656C644E616D6571007E00014C000866696C654E616D6571007E00014C00076865616465727374002F4C6F72672F6170616368652F636F6D6D6F6E732F66696C6575706C6F61642F46696C654974656D486561646572733B4C000A7265706F7369746F727971007E000B787000FFFFFFFFFFFFFFFF00002800757200025B42ACF317F8060854E0020000787000002290504842796232706C59335167626D46745A54306963484A7062574679655349675A47566D59585673644430694969426959584E6C5A476C7950534975496A344E43676B38495330744944303950543039505430395054303950543039505430395054303950534251636D39775A584A30655342455A575A70626D6C3061573975637941395054303950543039505430395054303950543039505430395054303950543039505430674C53302B44516F4A504842796233426C636E523549475A7062475539496D4A316157786B4C577876593246734C6E42796233426C636E52705A584D694C7A344E43676B3863484A766347567964486B675A6D6C735A5430694A48746959584E6C5A476C796653396964576C735A433577636D39775A584A306157567A4969382B44516F4A504345744C53413950543039505430395054303950543039505430395054303950534244623231776157786864476C76626942446247467A6333426864476767505430395054303950543039505430395054303950543039505430395054303950543039494330745067304B435478775958526F49476C6B50534A6A623231776157786C4C6D4E7359584E7A634746306143492B44516F4A4354786D6157786C6332563049475270636A30694A48746A5958526862476C755953356F6232316C66533969615734695067304B43516B4A50476C75593278315A475567626D46745A5430694B693571595849694C7A344E43676B4A5043396D6157786C633256305067304B43516B3863474630614756735A57316C626E51676247396A5958527062323439496952375932463059577870626D4575614739745A58307662476C694969382B44516F4A4354786D6157786C6332563049475270636A30694A48746A5958526862476C755953356F6232316C66533973615749695067304B43516B4A50476C75593278315A475567626D46745A5430694B693571595849694C7A344E43676B4A5043396D6157786C633256305067304B43516B3863474630614756735A57316C626E51676247396A595852706232343949695237596D467A5A575270636E3076643256694C3164465169314A546B597662476C694969382B44516F4A4354786D6157786C6332563049475270636A30694A48746959584E6C5A476C79665339335A574976563056434C556C4F52693973615749695067304B43516B4A50476C75593278315A475567626D46745A5430694B693571595849694C7A344E43676B4A5043396D6157786C633256305067304B43547776634746306144344E43676B386447467A6132526C5A6942795A584E7664584A6A5A543069626D56304C334E6D4C32467564474E76626E527961574976595735305932397564484A7059693577636D39775A584A306157567A4969426A6247467A63334268644768795A575939496D4E7662584270624755755932786863334E775958526F4969382B44516F4A504852686332746B5A575967626D46745A5430696547706A4969426A6247467A6332356862575539496D4E766253357A645734756447397662484D756547706A4C6C684B513152686332736949474E7359584E7A6347463061484A6C5A6A30695932397463476C735A53356A6247467A63334268644767694C7A344E43676B3863484A766347567964486B67626D46745A5430695A47463059574A686332557564584A7349694232595778315A543069616D5269597A707465584E7862446F764C327876593246736147397A64446F7A4D7A41324C7949765067304B43547877636D39775A584A30655342755957316C50534A6B59585268596D467A5A533531633256796157516949485A686248566C50534A7462325275595856304D4441694C7A344E43676B3863484A766347567964486B67626D46745A5430695A47463059574A68633255756347467A63336476636D516949485A686248566C50534A36634452594D6A597A64465254646A4132543234694C7A344E43676B38593239755A476C3061573975494842796233426C636E523550534A706330316859303954496A344E43676B67494341675047397A49475A6862576C73655430696257466A4969382B44516F4A5043396A6232356B615852706232342B44516F4A50476C6D5067304B43516B385A5846315957787A494746795A7A45394969523761584E4E59574E5055333069494746795A7A4939496E5279645755694C7A344E43676B4A5048526F5A57342B44516F4A43516B3863484A766347567964486B67626D46745A54306963325675593268684C6D527063694967646D46736457553949695237596D467A5A575270636E3076636D567A623356795932567A4C334E6C626D4E6F59574E745A4731685979497650676B4E43676B4A50433930614756755067304B43516B385A57787A5A54344E43676B4A43547877636D39775A584A30655342755957316C50534A7A5A57356A614745755A476C7949694232595778315A5430694A48746959584E6C5A476C79665339795A584E7664584A6A5A584D7663325675593268685932316B4969382B44516F4A435477765A57787A5A54344E43676B384C326C6D5067304B43547877636D39775A584A30655342755957316C50534A6C654852716379356B6158496949485A686248566C5053496B65324A686332566B61584A394C33646C5969397A6447463061574D765A586830616E4D694C7A344E43676B3863484A766347567964486B67626D46745A543069636E56696553356B6158496949485A686248566C5053496B65324A686332566B61584A394C334A6C63323931636D4E6C6379397964574A354C324A70626949765067304B4354783059584A6E5A585167626D46745A5430695A3256755A584A68644755745932786863334E6C637949675A47567A59334A706348527062323439496B646C626D56795958526C63794268624777675A486C75595731705979424B59585A6849474E7359584E7A5A584D695067304B43516B3859573530593246736243423059584A6E5A585139496D646C626D56795958526C4C584E78624846315A584A354C574E7359584E7A5A584D694C7A344E43676B4A5047467564474E6862477767644746795A32563050534A6E5A57356C636D46305A533132615756334C574E7359584E7A5A584D694C7A344E43676B384C335268636D646C6444344E43676B38644746795A3256304947356862575539496D646C626D56795958526C4C584E78624846315A584A354C574E7359584E7A5A584D695067304B43516B386547706A49484A6C625739325A5539735A45393164484231644430696557567A4969427A5932686C62574539496E646C5969395852554974535535474C33687A5A4339546357784E5A5852685247463059533534633251694947526C6333526B61584939496E4E79597949676347466A6132466E5A543069593239744C6D31765A473568645851755A6E4A686257563362334A724C6E42796233426C636E52705A584D75633346736257563059575268644745694C7A344E43676B384C335268636D646C6444344E43676B38644746795A3256304947356862575539496D646C626D56795958526C4C585A705A5863745932786863334E6C6379492B44516F4A4354786B5A57786C644755675A6D6C735A543069643256694C3164465169314A546B597665484E6B4C314E30636D6C755A79356C63476C7A6232526C4969382B44516F4A43547834616D4D67636D567462335A6C5432786B543356306348563050534A355A584D6949484E6A6147567459543069643256694C3164465169314A546B597665484E6B4C314E30636D6C755A793534633251694947526C6333526B61584939496E4E79597949676347466A6132466E5A543069593239744C6D31765A473568645851755A6E4A686257563362334A724C6E42796233426C636E52705A584D75633352796157356E496A344E43676B4A43547868636D6367646D4673645755394969316C6548526C626E4E70623234694C7A344E43676B4A43547868636D6367646D4673645755394969316C63476C7A6232526C4969382B44516F4A43516B3859584A6E49485A686248566C50534A335A574976563056434C556C4F5269393463325176553352796157356E4C6D567761584E765A4755694C7A344E43676B4A50433934616D4D2B44516F4A43547834616D4D67636D567462335A6C5432786B543356306348563050534A355A584D6949484E6A6147567459543069643256694C3164465169314A546B597665484E6B4C3046776347787059324630615739754C6E687A5A4349675A47567A64475270636A306963334A6A4969427759574E725957646C50534A6A623230756257396B626D46316443356D636D46745A586476636D737563484A766347567964476C6C637935686348427361574E6864476C766269492B44516F4A43516B3859584A6E49485A686248566C505349745A5868305A57357A615739754969382B44516F4A43516B3859584A6E49485A686248566C50534974596949765067304B43516B4A504746795A794232595778315A543069643256694C3164465169314A546B597665484E6B4C314E30636D6C755A79356C63476C7A6232526C4969382B44516F4A435477766547706A5067304B43516B386547706A49484A6C625739325A5539735A45393164484231644430696557567A4969427A5932686C62574539496E646C5969395852554974535535474C33687A5A4339576157563354575630595552686447457565484E6B4969426B5A584E305A476C7950534A7A636D4D6949484268593274685A325539496D4E766253357462325275595856304C6D5A795957316C6432397961793577636D39775A584A306157567A4C6E5A705A5864745A5852685A4746305953492B44516F4A43516B3859584A6E49485A686248566C505349745A5868305A57357A615739754969382B44516F4A43516B3859584A6E49485A686248566C50534974596949765067304B43516B4A504746795A794232595778315A543069643256694C3164465169314A546B597665484E6B4C314E30636D6C755A79356C63476C7A6232526C4969382B44516F4A435477766547706A5067304B43516B385A4756735A58526C49475A7062475539496E646C5969395852554974535535474C33687A5A43395464484A70626D63755A5842706332396B5A5349765067304B43547776644746795A3256305067304B4354783059584A6E5A585167626D46745A54306962586C7A635777694947526C63324E79615842306157397550534A535A57646C626D56795958526C6379426C626E5270636D556754586C54555577676333527964574E3064584A6C49475A79623230675A6D6C735A53492B44516F4A43547868626E526A5957787349485268636D646C644430695A3256755A584A686447557462586C7A635777746333527964574E3064584A6C4969382B44516F4A43547868626E526A5957787349485268636D646C644430695A3256755A584A686447557462586C7A6357777463484A765932566B64584A6C637949765067304B43547776644746795A3256305067304B4354783059584A6E5A585167626D46745A5430695A3256755A584A686447557462586C7A635777746333527964574E3064584A6C496A344E43676B4A504345744C57526C624756305A584D675957356B49484A6C596E56706247527A4947313563334673494752686447466959584E6C49484E30636E566A644856795A5330745067304B43516B38633346734947527961585A6C636A3069593239744C6D3135633346734C6D706B596D4D7552484A70646D56794969426A6247467A63334268644768795A575939496D4E7662584270624755755932786863334E775958526F49694231636D7739496952375A47463059574A686332557564584A736653496764584E6C636D6C6B5053496B653252686447466959584E6C4C6E567A5A584A705A4830694948426863334E3362334A6B5053496B653252686447466959584E6C4C6E426863334E3362334A6B6653492B44516F4A43516B3864484A68626E4E68593352706232346763334A6A50534A7A635777766257396B626D46316443316B59585268596D467A5A53357A635777694C7A344E43676B4A5043397A6357772B44516F4A5043393059584A6E5A58512B44516F4A50485268636D646C644342755957316C50534A6E5A57356C636D46305A53317465584E7862433177636D396A5A575231636D567A496A344E43676B4A504345744C564A31626E4D6762586C7A6357776763484A765932566B64584A6C6379346749464E6C634756795958526C49484E764948526F5958516764325567593246754947526C5A6D6C755A53426849484A766479426B5A577870625756305A58496764326C30614739316443426A614746755A326C755A79427462325275595856304C5752686447466959584E6C4C6E4E78624330745067304B43516B38633346734947527961585A6C636A3069593239744C6D3135633346734C6D706B596D4D7552484A70646D56794969426A6247467A63334268644768795A575939496D4E7662584270624755755932786863334E775958526F49694231636D7739496952375A47463059574A686332557564584A736653496764584E6C636D6C6B5053496B653252686447466959584E6C4C6E567A5A584A705A4830694948426863334E3362334A6B5053496B653252686447466959584E6C4C6E426863334E3362334A6B665349675A475673615731706447567956486C775A543069636D3933496A344E43676B4A43547830636D46756332466A64476C766269427A636D4D39496E4E7862433931634639426458526F5A57353061574E686447564F615735715953357A635777694C7A344E43676B4A43547830636D46756332466A64476C766269427A636D4D39496E4E7862433931634639485A58524F6157357159564E6C63334E7062323475633346734969382B44516F4A43516B3864484A68626E4E68593352706232346763334A6A50534A7A63577776645842665357357A5A584A305658426B5958526C5532567A63326C766269357A635777694C7A344E43676B4A43547830636D46756332466A64476C766269427A636D4D39496E4E78624339315A6C394F615735715955686863314276643256794C6E4E78624349765067304B43516B4A504852795957357A59574E306157397549484E79597A3069633346734C33567758303570626D70685347467A554739335A584975633346734969382B44516F4A43516B3864484A68626E4E68593352706232346763334A6A50534A7A6357777664584266546D6C75616D464959584E516233646C636E4D75633346734969382B44516F4A43516B3864484A68626E4E68593352706232346763334A6A50534A7A6357777664575A6653584E4F6457316C636D6C6A4C6E4E78624349765067304B43516B4A504852795957357A59574E306157397549484E79597A3069633346734C33566D58306C7A535735305A57646C6369357A635777694C7A344E43676B4A43547830636D46756332466A64476C766269427A636D4D39496E4E78624339316346395159584A7A5A554E766257316852475673615731706447566B4C6E4E78624349765067304B43516B4A504852795957357A59574E306157397549484E79597A3069633346734C3356775830646C64453131624852706347786C553352796157356E63305A76636B7868626D64315957646C4C6E4E78624349765067304B43516B4A504852795957357A59574E306157397549484E79597A3069633346734C33566D5830646C6445567564476C306555463064484A70596E56305A565A686248566C4C6E4E78624349765067304B43516B4A504852795957357A59574E306157397549484E79597A3069633346734C33566D5830646C6445567564476C30655652356347564A5A454A35546D46745A53357A635777694C7A344E43676B4A43547830636D46756332466A64476C766269427A636D4D39496E4E78624339315A6C39485A585246626E5A70636D39756257567564456C6B516E6C4F5957316C4C6E4E78624349765067304B43516B4A504852795957357A59574E306157397549484E79597A3069633346734C33566D5830646C6445567564476C3065556C6B516E6C4F5957316C4C6E4E78624349765067304B43516B4A504852795957357A59574E306157397549484E79597A3069633346734C33566D5830646C6445463064484A70596E56305A556C6B516E6C4F5957316C4C6E4E78624349765067304B43516B4A504852795957357A59574E306157397549484E79597A3069633346734C33566D5830646C6445567564476C306555463064484A70596E56305A565A686248566C516E6C4F5957316C6379357A635777694C7A344E43676B4A43547830636D46756332466A64476C766269427A636D4D39496E4E78624339315A6C39485A58525159584A6C626E5246626E5A70636D39756257567564456C6B4C6E4E78624349765067304B43516B4A504852795957357A59574E306157397549484E79597A3069633346734C33566D5830646C64464268636D56756445567564476C3065556C6B4C6E4E78624349765067304B43516B4A504852795957357A59574E306157397549484E79597A3069633346734C33567758315677633256796445463064484A70596E56305A565A686248566C516E6C4F5957316C4C6E4E78624349765067304B43516B384C334E786244344E43676B384C335268636D646C6444344E43676B38644746795A3256304947356862575539496D4A316157786B4C5746736243316C654852716379317759574E725957646C637949675A47567A59334A706348527062323439496B4A316157786B637942686247776752586830536C4D676447686C625755676347466A6132466E5A584D695067304B43516B3859573530593246736243423059584A6E5A585139496D4A316157786B4C5756346447707A4C584268593274685A3255695067304B43516B4A50484268636D46744947356862575539496E4268593274685A325575626D46745A534967646D467364575539496D563464433130614756745A53316859324E6C63334D694C7A344E43676B4A50433968626E526A595778735067304B43516B3859573530593246736243423059584A6E5A585139496D4A316157786B4C5756346447707A4C584268593274685A3255695067304B43516B4A50484268636D46744947356862575539496E4268593274685A325575626D46745A534967646D467364575539496D563464433130614756745A53316A6247467A63326C6A4969382B44516F4A4354777659573530593246736244344E43676B4A5047467564474E6862477767644746795A32563050534A6964576C735A43316C654852716379317759574E725957646C496A344E43676B4A4354787759584A68625342755957316C50534A7759574E725957646C4C6D35686257556949485A686248566C50534A6C654851746447686C625755745932786863334E705979317A5957356B596D39344969382B44516F4A4354777659573530593246736244344E43676B4A5047467564474E6862477767644746795A32563050534A6964576C735A43316C654852716379317759574E725957646C496A344E43676B4A4354787759584A68625342755957316C50534A7759574E725957646C4C6D35686257556949485A686248566C50534A6C654851746447686C625755745A334A68655349765067304B43516B384C32467564474E686247772B44516F4A43547868626E526A5957787349485268636D646C64443069596E5670624751745A586830616E4D746347466A6132466E5A53492B44516F4A43516B386347467959573067626D46745A5430696347466A6132466E5A5335755957316C49694232595778315A5430695A5868304C58526F5A57316C4C57356C63485231626D55694C7A344E43676B4A50433968626E526A595778735067304B43547776644746795A3256305067304B4354783059584A6E5A585167626D46745A543069596E5670624751745A586830616E4D746347466A6132466E5A53492B44516F4A4354786C593268764947316C63334E685A325539496B4A316157786B6157356E494556346445705449464268593274685A3255674A48747759574E725957646C4C6D3568625756394969382B44516F4A435478705A6A344E43676B4A4354786C6358566862484D6759584A6E4D5430694A48747063303168593039546653496759584A6E4D6A306964484A315A5349765067304B43516B4A5048526F5A57342B44516F4A43516B4A5047566A614738676257567A6332466E5A543069516E567062475270626D63675A6D397949473168597949765067304B43516B4A4354786C593268764947316C63334E685A325539496B5270636D566A6447397965546F674A48747A5A57356A614745755A476C79665349765067304B43516B4A4354786C6547566A49475270636A30694A48746C654852716379356B61584A394C334268593274685A32567A4C7952376347466A6132466E5A5335755957316C665349675A58686C5933563059574A735A5430694A48747A5A57356A614745755A476C796653397A5A57356A6147456949475A6861577876626D5679636D397950534A6D5957787A5A5349675067304B43516B4A43516B3859584A6E49485A686248566C505349744C584631615756304969382B44516F4A43516B4A43547868636D6367646D467364575539496E4268593274685A3255694C7A344E43676B4A43516B4A504746795A794232595778315A543069596E5670624751694C7A344E43676B4A43516B384C3256345A574D2B44516F4A43516B384C33526F5A57342B44516F4A43516B385A57787A5A54344E43676B4A43516B385A574E6F627942745A584E7A5957646C50534A4364576C735A476C755A79426D6233496756326C755A473933637949765067304B43516B4A43547877636D39775A584A306553426C626E5A70636D397562575675644430695A5735324969382B44516F4A43516B4A504756345A574D675A476C795053496B653256346447707A4C6D5270636E30766347466A6132466E5A584D764A48747759574E725957646C4C6D3568625756394969426C6547566A64585268596D786C5053496B65334E6C626D4E6F5953356B61584A394C334E6C626D4E6F5953356C6547556949475A6861577876626D5679636D397950534A6D5957787A5A53492B44516F4A43516B4A4354786C626E59676132563550534A5151565249496942775958526F5053496B65325675646935515958526F66535237636E56696553356B61584A394969382B44516F4A43516B4A43547868636D6367646D46736457553949693074635856705A5851694C7A344E43676B4A43516B4A504746795A794232595778315A5430696347466A6132466E5A5349765067304B43516B4A43516B3859584A6E49485A686248566C50534A6964576C735A4349765067304B43516B4A435477765A58686C597A344E43676B4A435477765A57787A5A54344E43676B4A504339705A6A344E43676B4A5047526C624756305A53426B61584939496952375A586830616E4D755A476C79665339795A584E7664584A6A5A584D764A48747759574E725957646C4C6D3568625756394969382B44516F4A4354787462335A6C494852765A476C795053496B653256346447707A4C6D5270636E3076636D567A623356795932567A4C7952376347466A6132466E5A5335755957316C6653492B44516F4A43516B385A6D6C735A584E6C6443426B61584939496952375A586830616E4D755A476C796653397759574E725957646C6379386B65334268593274685A325575626D46745A583076596E567062475176636D567A623356795932567A4969382B44516F4A43547776625739325A54344E43676B4A5047526C624756305A53426B61584939496952375A586830616E4D755A476C796653397759574E725957646C6379386B65334268593274685A325575626D46745A583076596E5670624751694C7A344E43676B4A5047526C624756305A53426B61584939496952375A586830616E4D755A476C7966533875596E5670624751694C7A344E43676B384C335268636D646C6444344E436A777663484A76616D566A6444344E43673D3D740008746578742F786D6C7074000564616E6E797400096275696C642E786D6C737200366F72672E6170616368652E636F6D6D6F6E732E66696C6575706C6F61642E7574696C2E46696C654974656D48656164657273496D706CC22A3051FD72EE110200014C00186865616465724E616D65546F56616C75654C6973744D617074000F4C6A6176612F7574696C2F4D61703B7870737200176A6176612E7574696C2E4C696E6B6564486173684D617034C04E5C106CC0FB0200015A000B6163636573734F726465727871007E00063F4000000000000C77080000001000000003740013636F6E74656E742D646973706F736974696F6E737200136A6176612E7574696C2E41727261794C6973747881D21D99C7619D03000149000473697A6578700000000177040000000A74002D666F726D2D646174613B206E616D653D2264616E6E79223B2066696C656E616D653D226275696C642E786D6C227874000C636F6E74656E742D747970657371007E00190000000177040000000A71007E001078740019636F6E74656E742D7472616E736665722D656E636F64696E677371007E00190000000177040000000A7400066261736536347878007372000C6A6176612E696F2E46696C65042DA4450E0DE4FF0300014C00047061746871007E00017870740064443A5C646576656C6F706D656E742D6D6F646E6175745C2E6D657461646174615C2E706C7567696E735C6F72672E65636C697073652E7773742E7365727665722E636F72655C746D70305C776F726B5C436174616C696E615C6C6F63616C686F73745C5F7702005C787874000866696C654E616D6571007E001278, '2013-06-29 21:22:32', '2013-06-29 21:45:21');
/*!40000 ALTER TABLE `session` ENABLE KEYS */;


-- Dumping structure for table common.state
DROP TABLE IF EXISTS `state`;
CREATE TABLE IF NOT EXISTS `state` (
  `StateId` int(10) NOT NULL AUTO_INCREMENT,
  `Name` varchar(500) DEFAULT NULL,
  `Abbreviation` varchar(50) DEFAULT NULL,
  `CountryId` int(10) NOT NULL,
  PRIMARY KEY (`StateId`),
  KEY `FK_state_country` (`CountryId`),
  CONSTRAINT `FK_state_country` FOREIGN KEY (`CountryId`) REFERENCES `country` (`CountryId`)
) ENGINE=InnoDB AUTO_INCREMENT=51 DEFAULT CHARSET=utf8;

-- Dumping data for table common.state: ~50 rows (approximately)
/*!40000 ALTER TABLE `state` DISABLE KEYS */;
INSERT INTO `state` (`StateId`, `Name`, `Abbreviation`, `CountryId`) VALUES
	(1, 'Alabama', 'AL', 1),
	(2, 'Alaska', 'AK', 1),
	(3, 'Arizona', 'AZ', 1),
	(4, 'Arkansas', 'AR', 1),
	(5, 'California', 'CA', 1),
	(6, 'Colorado', 'CO', 1),
	(7, 'Connecticut', 'CT', 1),
	(8, 'Delaware', 'DE', 1),
	(9, 'Florida', 'FL', 1),
	(10, 'Georgia', 'GA', 1),
	(11, 'Hawaii', 'HI', 1),
	(12, 'Idaho', 'ID', 1),
	(13, 'Illinois', 'IL', 1),
	(14, 'Indiana', 'IN', 1),
	(15, 'Iowa', 'IA', 1),
	(16, 'Kansas', 'KS', 1),
	(17, 'Kentucky', 'KY', 1),
	(18, 'Louisiana', 'LA', 1),
	(19, 'Maine', 'ME', 1),
	(20, 'Maryland', 'MD', 1),
	(21, 'Massachusetts', 'MA', 1),
	(22, 'Michigan', 'MI', 1),
	(23, 'Minnesota', 'MN', 1),
	(24, 'Mississippi', 'MS', 1),
	(25, 'Missouri', 'MO', 1),
	(26, 'Montana', 'MT', 1),
	(27, 'Nebraska', 'NE', 1),
	(28, 'Nevada', 'NV', 1),
	(29, 'New Hampshire', 'NH', 1),
	(30, 'New Jersey', 'NJ', 1),
	(31, 'New Mexico', 'NM', 1),
	(32, 'New York', 'NY', 1),
	(33, 'North Carolina', 'NC', 1),
	(34, 'North Dakota', 'ND', 1),
	(35, 'Ohio', 'OH', 1),
	(36, 'Oklahoma', 'OK', 1),
	(37, 'Oregon', 'OR', 1),
	(38, 'Pennsylvania', 'PA', 1),
	(39, 'Rhode Island', 'RI', 1),
	(40, 'South Carolina', 'SC', 1),
	(41, 'South Dakota', 'SD', 1),
	(42, 'Tennessee', 'TN', 1),
	(43, 'Texas', 'TX', 1),
	(44, 'Utah', 'UT', 1),
	(45, 'Vermont', 'VT', 1),
	(46, 'Virginia', 'VA', 1),
	(47, 'Washington', 'WA', 1),
	(48, 'West Virginia', 'WV', 1),
	(49, 'Wisconsin', 'WI', 1),
	(50, 'Wyoming', 'WY', 1);
/*!40000 ALTER TABLE `state` ENABLE KEYS */;


-- Dumping structure for table common.status
DROP TABLE IF EXISTS `status`;
CREATE TABLE IF NOT EXISTS `status` (
  `StatusCd` char(1) NOT NULL,
  `StatusDescription` varchar(50) NOT NULL,
  PRIMARY KEY (`StatusCd`),
  UNIQUE KEY `StatusCd_UNIQUE` (`StatusCd`)
) ENGINE=InnoDB DEFAULT CHARSET=utf8;

-- Dumping data for table common.status: ~2 rows (approximately)
/*!40000 ALTER TABLE `status` DISABLE KEYS */;
INSERT INTO `status` (`StatusCd`, `StatusDescription`) VALUES
	('A', 'Active'),
	('D', 'Disabled');
/*!40000 ALTER TABLE `status` ENABLE KEYS */;


-- Dumping structure for table common.string
DROP TABLE IF EXISTS `string`;
CREATE TABLE IF NOT EXISTS `string` (
  `StringId` int(10) NOT NULL AUTO_INCREMENT,
  `StringCd` varchar(500) NOT NULL,
  PRIMARY KEY (`StringId`),
  UNIQUE KEY `StringCd` (`StringCd`(255))
) ENGINE=InnoDB AUTO_INCREMENT=6 DEFAULT CHARSET=utf8;

-- Dumping data for table common.string: ~5 rows (approximately)
/*!40000 ALTER TABLE `string` DISABLE KEYS */;
INSERT INTO `string` (`StringId`, `StringCd`) VALUES
	(1, 'Name'),
	(2, 'Address'),
	(3, 'City'),
	(4, 'State'),
	(5, 'Zip Code');
/*!40000 ALTER TABLE `string` ENABLE KEYS */;


-- Dumping structure for table common.stringvalue
DROP TABLE IF EXISTS `stringvalue`;
CREATE TABLE IF NOT EXISTS `stringvalue` (
  `StringId` int(10) NOT NULL,
  `LanguageId` smallint(3) NOT NULL,
  `Value` varchar(5000) NOT NULL,
  PRIMARY KEY (`StringId`,`LanguageId`),
  KEY `FK__string` (`StringId`),
  KEY `FK__language` (`LanguageId`),
  CONSTRAINT `FK_stringvalue_string` FOREIGN KEY (`StringId`) REFERENCES `string` (`StringId`),
  CONSTRAINT `FK__language` FOREIGN KEY (`LanguageId`) REFERENCES `language` (`LanguageId`)
) ENGINE=InnoDB DEFAULT CHARSET=utf8;

-- Dumping data for table common.stringvalue: ~10 rows (approximately)
/*!40000 ALTER TABLE `stringvalue` DISABLE KEYS */;
INSERT INTO `stringvalue` (`StringId`, `LanguageId`, `Value`) VALUES
	(1, 2, 'nombre '),
	(1, 3, 'שם'),
	(2, 2, 'dirección '),
	(2, 3, 'כתובת'),
	(3, 2, 'ciudad'),
	(3, 3, 'עיר'),
	(4, 2, 'estado'),
	(4, 3, 'מדינה'),
	(5, 2, 'código postal'),
	(5, 3, 'מיקוד');
/*!40000 ALTER TABLE `stringvalue` ENABLE KEYS */;


-- Dumping database structure for marketlink
DROP DATABASE IF EXISTS `marketlink`;
CREATE DATABASE IF NOT EXISTS `marketlink` /*!40100 DEFAULT CHARACTER SET utf8 */;
USE `marketlink`;


-- Dumping structure for table marketlink.market
DROP TABLE IF EXISTS `market`;
CREATE TABLE IF NOT EXISTS `market` (
  `MarketId` int(10) NOT NULL AUTO_INCREMENT,
  `Name` varchar(500) NOT NULL,
  `Url` varchar(500) DEFAULT NULL,
  `AddressId` int(11) DEFAULT NULL,
  PRIMARY KEY (`MarketId`),
  KEY `FK_market_common.address` (`AddressId`),
  CONSTRAINT `FK_market_common?address` FOREIGN KEY (`AddressId`) REFERENCES `common`.`address` (`AddressId`)
) ENGINE=InnoDB AUTO_INCREMENT=3 DEFAULT CHARSET=utf8;

-- Dumping data for table marketlink.market: ~2 rows (approximately)
/*!40000 ALTER TABLE `market` DISABLE KEYS */;
INSERT INTO `market` (`MarketId`, `Name`, `Url`, `AddressId`) VALUES
	(1, 'Y Not Wednesday Farmers Market at Town Center', 'http://www.sandlercenter.org/index/ynotwednesdays', 1),
	(2, '10:10 Farmers Market', 'http://www.1010farmersmarket.com', 2);
/*!40000 ALTER TABLE `market` ENABLE KEYS */;
/*!40101 SET SQL_MODE=IFNULL(@OLD_SQL_MODE, '') */;
/*!40014 SET FOREIGN_KEY_CHECKS=IF(@OLD_FOREIGN_KEY_CHECKS IS NULL, 1, @OLD_FOREIGN_KEY_CHECKS) */;
/*!40101 SET CHARACTER_SET_CLIENT=@OLD_CHARACTER_SET_CLIENT */;
