-- --------------------------------------------------------
-- Host:                         127.0.0.1
-- Server version:               5.5.31-log - MySQL Community Server (GPL)
-- Server OS:                    Win64
-- HeidiSQL Version:             8.0.0.4396
-- --------------------------------------------------------


DROP DATABASE IF EXISTS `marketlink`;
CREATE DATABASE  IF NOT EXISTS `marketlink` /*!40100 DEFAULT CHARACTER SET utf8 */;
USE `marketlink`;


/*!40101 SET @OLD_CHARACTER_SET_CLIENT=@@CHARACTER_SET_CLIENT */;
/*!40101 SET @OLD_CHARACTER_SET_RESULTS=@@CHARACTER_SET_RESULTS */;
/*!40101 SET @OLD_COLLATION_CONNECTION=@@COLLATION_CONNECTION */;
/*!40101 SET NAMES utf8 */;
/*!40103 SET @OLD_TIME_ZONE=@@TIME_ZONE */;
/*!40103 SET TIME_ZONE='+00:00' */;
/*!40014 SET @OLD_UNIQUE_CHECKS=@@UNIQUE_CHECKS, UNIQUE_CHECKS=0 */;
/*!40014 SET @OLD_FOREIGN_KEY_CHECKS=@@FOREIGN_KEY_CHECKS, FOREIGN_KEY_CHECKS=0 */;
/*!40101 SET @OLD_SQL_MODE=@@SQL_MODE, SQL_MODE='NO_AUTO_VALUE_ON_ZERO' */;
/*!40111 SET @OLD_SQL_NOTES=@@SQL_NOTES, SQL_NOTES=0 */;

--
-- Table structure for table `market`
--

DROP TABLE IF EXISTS `market`;
/*!40101 SET @saved_cs_client     = @@character_set_client */;
/*!40101 SET character_set_client = utf8 */;
CREATE TABLE `market` (
  `MarketId` int(10) NOT NULL AUTO_INCREMENT,
  `Name` varchar(500) NOT NULL,
  `Url` varchar(500) DEFAULT NULL,
  `AddressId` int(11) DEFAULT NULL,
  PRIMARY KEY (`MarketId`),
  KEY `FK_market_common.address` (`AddressId`),
  CONSTRAINT `FK_market_common?address` FOREIGN KEY (`AddressId`) REFERENCES `common`.`address` (`AddressId`)
) ENGINE=InnoDB AUTO_INCREMENT=3 DEFAULT CHARSET=utf8;
/*!40101 SET character_set_client = @saved_cs_client */;

--
-- Dumping data for table `market`
--

LOCK TABLES `market` WRITE;
/*!40000 ALTER TABLE `market` DISABLE KEYS */;
INSERT INTO `market` VALUES (1,'Y Not Wednesday Farmers Market at Town Center','http://www.sandlercenter.org/index/ynotwednesdays',1),(2,'10:10 Farmers Market','http://www.1010farmersmarket.com',2);
/*!40000 ALTER TABLE `market` ENABLE KEYS */;
UNLOCK TABLES;
/*!40103 SET TIME_ZONE=@OLD_TIME_ZONE */;

/*!40101 SET SQL_MODE=@OLD_SQL_MODE */;
/*!40014 SET FOREIGN_KEY_CHECKS=@OLD_FOREIGN_KEY_CHECKS */;
/*!40014 SET UNIQUE_CHECKS=@OLD_UNIQUE_CHECKS */;
/*!40101 SET CHARACTER_SET_CLIENT=@OLD_CHARACTER_SET_CLIENT */;
/*!40101 SET CHARACTER_SET_RESULTS=@OLD_CHARACTER_SET_RESULTS */;
/*!40101 SET COLLATION_CONNECTION=@OLD_COLLATION_CONNECTION */;
/*!40111 SET SQL_NOTES=@OLD_SQL_NOTES */;

-- Dump completed on 2013-07-02  8:43:36
CREATE DATABASE  IF NOT EXISTS `common` /*!40100 DEFAULT CHARACTER SET utf8 */;
USE `common`;
-- MySQL dump 10.13  Distrib 5.6.10, for osx10.7 (i386)
--
-- Host: localhost    Database: common
-- ------------------------------------------------------
-- Server version	5.6.10

/*!40101 SET @OLD_CHARACTER_SET_CLIENT=@@CHARACTER_SET_CLIENT */;
/*!40101 SET @OLD_CHARACTER_SET_RESULTS=@@CHARACTER_SET_RESULTS */;
/*!40101 SET @OLD_COLLATION_CONNECTION=@@COLLATION_CONNECTION */;
/*!40101 SET NAMES utf8 */;
/*!40103 SET @OLD_TIME_ZONE=@@TIME_ZONE */;
/*!40103 SET TIME_ZONE='+00:00' */;
/*!40014 SET @OLD_UNIQUE_CHECKS=@@UNIQUE_CHECKS, UNIQUE_CHECKS=0 */;
/*!40014 SET @OLD_FOREIGN_KEY_CHECKS=@@FOREIGN_KEY_CHECKS, FOREIGN_KEY_CHECKS=0 */;
/*!40101 SET @OLD_SQL_MODE=@@SQL_MODE, SQL_MODE='NO_AUTO_VALUE_ON_ZERO' */;
/*!40111 SET @OLD_SQL_NOTES=@@SQL_NOTES, SQL_NOTES=0 */;

--
-- Table structure for table `address`
--

DROP TABLE IF EXISTS `address`;
/*!40101 SET @saved_cs_client     = @@character_set_client */;
/*!40101 SET character_set_client = utf8 */;
CREATE TABLE `address` (
  `AddressId` int(10) NOT NULL AUTO_INCREMENT,
  `Address1` varchar(500) DEFAULT NULL,
  `Address2` varchar(500) DEFAULT NULL,
  `CityId` int(11) DEFAULT NULL,
  `ZipCode` varchar(15) DEFAULT NULL,
  `Location` point DEFAULT NULL,
  `CreatedById` int(11) NOT NULL,
  `CreatedDate` timestamp NOT NULL DEFAULT CURRENT_TIMESTAMP,
  `LastModifiedById` int(11) NOT NULL,
  `LastModifiedDate` timestamp NOT NULL DEFAULT CURRENT_TIMESTAMP ON UPDATE CURRENT_TIMESTAMP,
  PRIMARY KEY (`AddressId`),
  KEY `FK_address_city` (`CityId`),
  CONSTRAINT `FK_address_city` FOREIGN KEY (`CityId`) REFERENCES `city` (`CityId`)
) ENGINE=InnoDB AUTO_INCREMENT=3 DEFAULT CHARSET=utf8;
/*!40101 SET character_set_client = @saved_cs_client */;

--
-- Dumping data for table `address`
--

LOCK TABLES `address` WRITE;
/*!40000 ALTER TABLE `address` DISABLE KEYS */;
INSERT INTO `address` VALUES (1,'201 Market Street',NULL,1,'23462','\0\0\0\0\0\0\0Ù	/Á©SÀÿ>ãÂkB@',0,'0000-00-00 00:00:00',0,'0000-00-00 00:00:00'),(2,'5960 Stewart Parkway',NULL,2,'30135','\0\0\0\0\0\0\0>yX¨51UÀÎQÚÜ@@',0,'0000-00-00 00:00:00',0,'0000-00-00 00:00:00');
/*!40000 ALTER TABLE `address` ENABLE KEYS */;
UNLOCK TABLES;

--
-- Table structure for table `application`
--

DROP TABLE IF EXISTS `application`;
/*!40101 SET @saved_cs_client     = @@character_set_client */;
/*!40101 SET character_set_client = utf8 */;
CREATE TABLE `application` (
  `ApplicationId` int(10) NOT NULL AUTO_INCREMENT,
  `Name` varchar(50) NOT NULL,
  `CreatedById` int(11) NOT NULL,
  `CreatedDate` timestamp NOT NULL DEFAULT CURRENT_TIMESTAMP,
  `LastModifiedById` int(11) NOT NULL,
  `LastModifiedDate` timestamp NOT NULL DEFAULT CURRENT_TIMESTAMP ON UPDATE CURRENT_TIMESTAMP,
  PRIMARY KEY (`ApplicationId`)
) ENGINE=InnoDB AUTO_INCREMENT=2 DEFAULT CHARSET=utf8;
/*!40101 SET character_set_client = @saved_cs_client */;

--
-- Dumping data for table `application`
--

LOCK TABLES `application` WRITE;
/*!40000 ALTER TABLE `application` DISABLE KEYS */;
INSERT INTO `application` VALUES (1,'Modnaut Demo',0,'0000-00-00 00:00:00',0,'0000-00-00 00:00:00');
/*!40000 ALTER TABLE `application` ENABLE KEYS */;
UNLOCK TABLES;

--
-- Table structure for table `attribute`
--

DROP TABLE IF EXISTS `attribute`;
/*!40101 SET @saved_cs_client     = @@character_set_client */;
/*!40101 SET character_set_client = utf8 */;
CREATE TABLE `attribute` (
  `AttributeId` int(10) NOT NULL AUTO_INCREMENT,
  `AttributeName` varchar(255) NOT NULL,
  `AttributeTypeId` int(10) NOT NULL,
  `CreatedById` int(11) NOT NULL,
  `CreatedDate` timestamp NOT NULL DEFAULT CURRENT_TIMESTAMP,
  `LastModifiedById` int(11) NOT NULL,
  `LastModifiedDate` timestamp NOT NULL DEFAULT CURRENT_TIMESTAMP ON UPDATE CURRENT_TIMESTAMP,
  PRIMARY KEY (`AttributeId`),
  KEY `FK_attribute_attributetype` (`AttributeTypeId`),
  CONSTRAINT `FK_attribute_attributetype` FOREIGN KEY (`AttributeTypeId`) REFERENCES `attributetype` (`AttributeTypeId`)
) ENGINE=InnoDB AUTO_INCREMENT=2 DEFAULT CHARSET=utf8;
/*!40101 SET character_set_client = @saved_cs_client */;

--
-- Dumping data for table `attribute`
--

LOCK TABLES `attribute` WRITE;
/*!40000 ALTER TABLE `attribute` DISABLE KEYS */;
INSERT INTO `attribute` VALUES (1,'CACHE_XSL',1,0,'0000-00-00 00:00:00',0,'0000-00-00 00:00:00');
/*!40000 ALTER TABLE `attribute` ENABLE KEYS */;
UNLOCK TABLES;

--
-- Table structure for table `attributetype`
--

DROP TABLE IF EXISTS `attributetype`;
/*!40101 SET @saved_cs_client     = @@character_set_client */;
/*!40101 SET character_set_client = utf8 */;
CREATE TABLE `attributetype` (
  `AttributeTypeId` int(10) NOT NULL AUTO_INCREMENT,
  `Description` varchar(50) NOT NULL,
  `CreatedById` int(11) NOT NULL,
  `CreatedDate` timestamp NOT NULL DEFAULT CURRENT_TIMESTAMP,
  `LastModifiedById` int(11) NOT NULL,
  `LastModifiedDate` timestamp NOT NULL DEFAULT CURRENT_TIMESTAMP ON UPDATE CURRENT_TIMESTAMP,
  PRIMARY KEY (`AttributeTypeId`)
) ENGINE=InnoDB AUTO_INCREMENT=5 DEFAULT CHARSET=utf8;
/*!40101 SET character_set_client = @saved_cs_client */;

--
-- Dumping data for table `attributetype`
--

LOCK TABLES `attributetype` WRITE;
/*!40000 ALTER TABLE `attributetype` DISABLE KEYS */;
INSERT INTO `attributetype` VALUES (1,'Text',0,'0000-00-00 00:00:00',0,'0000-00-00 00:00:00'),(2,'Integer',0,'0000-00-00 00:00:00',0,'0000-00-00 00:00:00'),(3,'Float',0,'0000-00-00 00:00:00',0,'0000-00-00 00:00:00'),(4,'Date',0,'0000-00-00 00:00:00',0,'0000-00-00 00:00:00');
/*!40000 ALTER TABLE `attributetype` ENABLE KEYS */;
UNLOCK TABLES;

--
-- Table structure for table `city`
--

DROP TABLE IF EXISTS `city`;
/*!40101 SET @saved_cs_client     = @@character_set_client */;
/*!40101 SET character_set_client = utf8 */;
CREATE TABLE `city` (
  `CityId` int(10) NOT NULL AUTO_INCREMENT,
  `Name` varchar(500) NOT NULL,
  `StateId` int(11) NOT NULL,
  `CreatedById` int(11) NOT NULL,
  `CreatedDate` timestamp NOT NULL DEFAULT CURRENT_TIMESTAMP,
  `LastModifiedById` int(11) NOT NULL,
  `LastModifiedDate` timestamp NOT NULL DEFAULT CURRENT_TIMESTAMP ON UPDATE CURRENT_TIMESTAMP,
  PRIMARY KEY (`CityId`),
  KEY `FK_City_state` (`StateId`),
  CONSTRAINT `FK_City_state` FOREIGN KEY (`StateId`) REFERENCES `state` (`StateId`)
) ENGINE=InnoDB AUTO_INCREMENT=3 DEFAULT CHARSET=utf8;
/*!40101 SET character_set_client = @saved_cs_client */;

--
-- Dumping data for table `city`
--

LOCK TABLES `city` WRITE;
/*!40000 ALTER TABLE `city` DISABLE KEYS */;
INSERT INTO `city` VALUES (1,'Virginia Beach',46,0,'0000-00-00 00:00:00',0,'0000-00-00 00:00:00'),(2,'Douglasville',10,0,'0000-00-00 00:00:00',0,'0000-00-00 00:00:00');
/*!40000 ALTER TABLE `city` ENABLE KEYS */;
UNLOCK TABLES;

--
-- Table structure for table `clan`
--

DROP TABLE IF EXISTS `clan`;
/*!40101 SET @saved_cs_client     = @@character_set_client */;
/*!40101 SET character_set_client = utf8 */;
CREATE TABLE `clan` (
  `ClanId` int(10) NOT NULL AUTO_INCREMENT,
  `ClanDescription` varchar(50) NOT NULL,
  `CreatedById` int(11) NOT NULL,
  `CreatedDate` timestamp NOT NULL DEFAULT CURRENT_TIMESTAMP,
  `LastModifiedById` varchar(45) NOT NULL,
  `LastModifiedDate` timestamp NOT NULL DEFAULT CURRENT_TIMESTAMP ON UPDATE CURRENT_TIMESTAMP,
  PRIMARY KEY (`ClanId`)
) ENGINE=InnoDB AUTO_INCREMENT=2 DEFAULT CHARSET=utf8;
/*!40101 SET character_set_client = @saved_cs_client */;

--
-- Dumping data for table `clan`
--

LOCK TABLES `clan` WRITE;
/*!40000 ALTER TABLE `clan` DISABLE KEYS */;
INSERT INTO `clan` VALUES (1,'TestGroup',0,'0000-00-00 00:00:00','','0000-00-00 00:00:00');
/*!40000 ALTER TABLE `clan` ENABLE KEYS */;
UNLOCK TABLES;

--
-- Table structure for table `clanpower`
--

DROP TABLE IF EXISTS `clanpower`;
/*!40101 SET @saved_cs_client     = @@character_set_client */;
/*!40101 SET character_set_client = utf8 */;
CREATE TABLE `clanpower` (
  `ClanId` int(10) NOT NULL,
  `PowerId` int(10) NOT NULL,
  `CreatedById` int(11) NOT NULL,
  `CreatedDate` timestamp NOT NULL DEFAULT CURRENT_TIMESTAMP,
  `LastModifiedById` int(11) NOT NULL,
  `LastModifiedDate` timestamp NOT NULL DEFAULT CURRENT_TIMESTAMP ON UPDATE CURRENT_TIMESTAMP,
  PRIMARY KEY (`ClanId`,`PowerId`),
  KEY `FK_ClanPower_power` (`PowerId`),
  CONSTRAINT `FK_ClanPower_clan` FOREIGN KEY (`ClanId`) REFERENCES `clan` (`ClanId`),
  CONSTRAINT `FK_ClanPower_power` FOREIGN KEY (`PowerId`) REFERENCES `power` (`PowerId`)
) ENGINE=InnoDB DEFAULT CHARSET=utf8;
/*!40101 SET character_set_client = @saved_cs_client */;

--
-- Dumping data for table `clanpower`
--

LOCK TABLES `clanpower` WRITE;
/*!40000 ALTER TABLE `clanpower` DISABLE KEYS */;
INSERT INTO `clanpower` VALUES (1,1,0,'0000-00-00 00:00:00',0,'0000-00-00 00:00:00'),(1,2,0,'0000-00-00 00:00:00',0,'0000-00-00 00:00:00');
/*!40000 ALTER TABLE `clanpower` ENABLE KEYS */;
UNLOCK TABLES;

--
-- Table structure for table `country`
--

DROP TABLE IF EXISTS `country`;
/*!40101 SET @saved_cs_client     = @@character_set_client */;
/*!40101 SET character_set_client = utf8 */;
CREATE TABLE `country` (
  `CountryId` int(10) NOT NULL DEFAULT '0',
  `Name` varchar(500) NOT NULL,
  `Abbreviation` varchar(50) NOT NULL,
  `DefaultLanguageId` smallint(11) NOT NULL,
  `CreatedById` int(11) NOT NULL,
  `CreatedDate` timestamp NOT NULL DEFAULT CURRENT_TIMESTAMP,
  `LastModifiedById` int(11) NOT NULL,
  `LastModifiedDate` timestamp NOT NULL DEFAULT CURRENT_TIMESTAMP ON UPDATE CURRENT_TIMESTAMP,
  PRIMARY KEY (`CountryId`),
  KEY `FK_country_language` (`DefaultLanguageId`),
  CONSTRAINT `FK_country_language` FOREIGN KEY (`DefaultLanguageId`) REFERENCES `language` (`LanguageId`)
) ENGINE=InnoDB DEFAULT CHARSET=utf8;
/*!40101 SET character_set_client = @saved_cs_client */;

--
-- Dumping data for table `country`
--

LOCK TABLES `country` WRITE;
/*!40000 ALTER TABLE `country` DISABLE KEYS */;
INSERT INTO `country` VALUES (1,'United States of America','USA',1,0,'0000-00-00 00:00:00',0,'0000-00-00 00:00:00');
/*!40000 ALTER TABLE `country` ENABLE KEYS */;
UNLOCK TABLES;

--
-- Table structure for table `entityattributevalue`
--

DROP TABLE IF EXISTS `entityattributevalue`;
/*!40101 SET @saved_cs_client     = @@character_set_client */;
/*!40101 SET character_set_client = utf8 */;
CREATE TABLE `entityattributevalue` (
  `EntityAttributeValueId` int(10) NOT NULL AUTO_INCREMENT,
  `EntityTypeId` int(10) NOT NULL,
  `EntityId` int(10) NOT NULL,
  `AttributeId` int(10) NOT NULL,
  `AttributeValue` varchar(20000) DEFAULT NULL,
  `CreatedById` int(11) NOT NULL,
  `CreatedDate` timestamp NOT NULL DEFAULT CURRENT_TIMESTAMP,
  `LastModifiedById` int(11) NOT NULL,
  `LastModifiedDate` timestamp NOT NULL DEFAULT CURRENT_TIMESTAMP ON UPDATE CURRENT_TIMESTAMP,
  PRIMARY KEY (`EntityAttributeValueId`),
  UNIQUE KEY `Index 4` (`EntityId`,`AttributeId`,`EntityTypeId`),
  KEY `FK_EntityAttributeValue_entitytype` (`EntityTypeId`),
  KEY `FK_EntityAttributeValue_attribute` (`AttributeId`),
  CONSTRAINT `FK_EntityAttributeValue_attribute` FOREIGN KEY (`AttributeId`) REFERENCES `attribute` (`AttributeId`),
  CONSTRAINT `FK_EntityAttributeValue_entitytype` FOREIGN KEY (`EntityTypeId`) REFERENCES `entitytype` (`EntityTypeId`)
) ENGINE=InnoDB AUTO_INCREMENT=6 DEFAULT CHARSET=utf8;
/*!40101 SET character_set_client = @saved_cs_client */;

--
-- Dumping data for table `entityattributevalue`
--

LOCK TABLES `entityattributevalue` WRITE;
/*!40000 ALTER TABLE `entityattributevalue` DISABLE KEYS */;
INSERT INTO `entityattributevalue` VALUES (1,1,1,1,'Y',0,'0000-00-00 00:00:00',0,'0000-00-00 00:00:00'),(5,1,2,1,'N',0,'0000-00-00 00:00:00',0,'0000-00-00 00:00:00');
/*!40000 ALTER TABLE `entityattributevalue` ENABLE KEYS */;
UNLOCK TABLES;

--
-- Table structure for table `entitytype`
--

DROP TABLE IF EXISTS `entitytype`;
/*!40101 SET @saved_cs_client     = @@character_set_client */;
/*!40101 SET character_set_client = utf8 */;
CREATE TABLE `entitytype` (
  `EntityTypeId` int(10) NOT NULL AUTO_INCREMENT,
  `EntityTypeName` varchar(50) NOT NULL,
  `Table` varchar(255) NOT NULL,
  `CreatedById` int(11) NOT NULL,
  `CreatedDate` timestamp NOT NULL DEFAULT CURRENT_TIMESTAMP,
  `LastModifiedById` int(11) NOT NULL,
  `LastModifiedDate` timestamp NOT NULL DEFAULT CURRENT_TIMESTAMP ON UPDATE CURRENT_TIMESTAMP,
  PRIMARY KEY (`EntityTypeId`)
) ENGINE=InnoDB AUTO_INCREMENT=2 DEFAULT CHARSET=utf8;
/*!40101 SET character_set_client = @saved_cs_client */;

--
-- Dumping data for table `entitytype`
--

LOCK TABLES `entitytype` WRITE;
/*!40000 ALTER TABLE `entitytype` DISABLE KEYS */;
INSERT INTO `entitytype` VALUES (1,'Environment','Common.Environment',0,'0000-00-00 00:00:00',0,'0000-00-00 00:00:00');
/*!40000 ALTER TABLE `entitytype` ENABLE KEYS */;
UNLOCK TABLES;

--
-- Table structure for table `environment`
--

DROP TABLE IF EXISTS `environment`;
/*!40101 SET @saved_cs_client     = @@character_set_client */;
/*!40101 SET character_set_client = utf8 */;
CREATE TABLE `environment` (
  `EnvironmentId` int(10) NOT NULL AUTO_INCREMENT,
  `ParentEnvironmentId` int(10) DEFAULT NULL,
  `EnvironmentName` varchar(200) NOT NULL,
  `EnvironmentDescription` varchar(200) NOT NULL,
  `CreatedById` int(11) NOT NULL,
  `CreatedDate` timestamp NOT NULL DEFAULT CURRENT_TIMESTAMP,
  `LastModifiedById` int(11) NOT NULL,
  `LastModifiedDate` timestamp NOT NULL DEFAULT CURRENT_TIMESTAMP ON UPDATE CURRENT_TIMESTAMP,
  PRIMARY KEY (`EnvironmentId`),
  KEY `FK_environment_environment` (`ParentEnvironmentId`),
  CONSTRAINT `FK_environment_environment` FOREIGN KEY (`ParentEnvironmentId`) REFERENCES `environment` (`EnvironmentId`)
) ENGINE=InnoDB AUTO_INCREMENT=3 DEFAULT CHARSET=utf8;
/*!40101 SET character_set_client = @saved_cs_client */;

--
-- Dumping data for table `environment`
--

LOCK TABLES `environment` WRITE;
/*!40000 ALTER TABLE `environment` DISABLE KEYS */;
INSERT INTO `environment` VALUES (1,NULL,'localhost','Local development PC',0,'0000-00-00 00:00:00',0,'0000-00-00 00:00:00'),(2,1,'localhost-web','Local development PC running web server',0,'0000-00-00 00:00:00',0,'0000-00-00 00:00:00');
/*!40000 ALTER TABLE `environment` ENABLE KEYS */;
UNLOCK TABLES;

--
-- Table structure for table `hashpath`
--

DROP TABLE IF EXISTS `hashpath`;
/*!40101 SET @saved_cs_client     = @@character_set_client */;
/*!40101 SET character_set_client = utf8 */;
CREATE TABLE `hashpath` (
  `HashPathId` int(10) NOT NULL AUTO_INCREMENT,
  `HashPath` varchar(5000) NOT NULL,
  `Class` varchar(200) NOT NULL,
  `Method` varchar(200) NOT NULL,
  `CreatedById` int(11) NOT NULL,
  `CreatedDate` timestamp NOT NULL DEFAULT CURRENT_TIMESTAMP,
  `LastModifiedById` int(11) NOT NULL,
  `LastModifiedDate` timestamp NOT NULL DEFAULT CURRENT_TIMESTAMP ON UPDATE CURRENT_TIMESTAMP,
  PRIMARY KEY (`HashPathId`),
  FULLTEXT KEY `Index 2` (`HashPath`,`Class`,`Method`)
) ENGINE=MyISAM AUTO_INCREMENT=3 DEFAULT CHARSET=utf8;
/*!40101 SET character_set_client = @saved_cs_client */;

--
-- Dumping data for table `hashpath`
--

LOCK TABLES `hashpath` WRITE;
/*!40000 ALTER TABLE `hashpath` DISABLE KEYS */;
INSERT INTO `hashpath` VALUES (1,'Market/List','com.modnaut.apps.farmarkets.MarketListCtrl','defaultAction',0,'2013-07-02 11:55:53',0,'2013-07-02 11:56:17'),(2,'Market/Detail','com.modnaut.apps.farmarkets.MarketDetailCtrl','defaultAction',0,'2013-07-02 11:55:53',0,'2013-07-02 11:56:17');
/*!40000 ALTER TABLE `hashpath` ENABLE KEYS */;
UNLOCK TABLES;

--
-- Table structure for table `language`
--

DROP TABLE IF EXISTS `language`;
/*!40101 SET @saved_cs_client     = @@character_set_client */;
/*!40101 SET character_set_client = utf8 */;
CREATE TABLE `language` (
  `LanguageId` smallint(3) NOT NULL AUTO_INCREMENT,
  `Name` varchar(100) NOT NULL,
  `LocalName` varchar(100) DEFAULT NULL,
  `FlagFileName` varchar(100) DEFAULT NULL,
  `IsoLanguageCd` varchar(2) NOT NULL,
  `CreatedById` int(11) NOT NULL,
  `CreatedDate` timestamp NOT NULL DEFAULT CURRENT_TIMESTAMP,
  `LastModifiedById` int(11) NOT NULL,
  `LastModifiedDate` timestamp NOT NULL DEFAULT CURRENT_TIMESTAMP ON UPDATE CURRENT_TIMESTAMP,
  PRIMARY KEY (`LanguageId`)
) ENGINE=InnoDB AUTO_INCREMENT=4 DEFAULT CHARSET=utf8;
/*!40101 SET character_set_client = @saved_cs_client */;

--
-- Dumping data for table `language`
--

LOCK TABLES `language` WRITE;
/*!40000 ALTER TABLE `language` DISABLE KEYS */;
INSERT INTO `language` VALUES (1,'English','English',NULL,'en',0,'0000-00-00 00:00:00',0,'0000-00-00 00:00:00'),(2,'Spanish','Espa',NULL,'es',0,'0000-00-00 00:00:00',0,'0000-00-00 00:00:00'),(3,'Hebrew','?????',NULL,'he',0,'0000-00-00 00:00:00',0,'0000-00-00 00:00:00');
/*!40000 ALTER TABLE `language` ENABLE KEYS */;
UNLOCK TABLES;

--
-- Table structure for table `ninja`
--

DROP TABLE IF EXISTS `ninja`;
/*!40101 SET @saved_cs_client     = @@character_set_client */;
/*!40101 SET character_set_client = utf8 */;
CREATE TABLE `ninja` (
  `NinjaId` int(10) NOT NULL AUTO_INCREMENT,
  `FirstName` varchar(50) NOT NULL,
  `LastName` varchar(50) NOT NULL,
  `EmailAddress` varchar(100) NOT NULL,
  `Password` varchar(100) NOT NULL,
  `NinjaTypeCd` char(1) NOT NULL DEFAULT 'C',
  `InvalidLoginAttempts` int(2) DEFAULT NULL,
  `CreatedById` int(11) NOT NULL,
  `CreatedDate` timestamp NOT NULL DEFAULT CURRENT_TIMESTAMP,
  `LastModifiedById` int(11) NOT NULL,
  `LastModifiedDate` timestamp NOT NULL DEFAULT CURRENT_TIMESTAMP ON UPDATE CURRENT_TIMESTAMP,
  PRIMARY KEY (`NinjaId`),
  UNIQUE KEY `EmailAddress` (`EmailAddress`),
  KEY `FK_Ninja_ninjatype` (`NinjaTypeCd`),
  CONSTRAINT `FK_Ninja_ninjatype` FOREIGN KEY (`NinjaTypeCd`) REFERENCES `ninjatype` (`NinjaTypeCd`)
) ENGINE=InnoDB AUTO_INCREMENT=5 DEFAULT CHARSET=utf8;
/*!40101 SET character_set_client = @saved_cs_client */;

--
-- Dumping data for table `ninja`
--

LOCK TABLES `ninja` WRITE;
/*!40000 ALTER TABLE `ninja` DISABLE KEYS */;
INSERT INTO `ninja` VALUES (1,'guest','guest','','kLxNpX+0w9lWcamR3wSZ8O/828A=','C',0,0,'0000-00-00 00:00:00',0,'0000-00-00 00:00:00'),(2,'Jamie','LaMarche','jlamarche@modnaut.com','kLxNpX+0w9lWcamR3wSZ8O/828A=','C',0,0,'0000-00-00 00:00:00',0,'0000-00-00 00:00:00'),(3,'Danny','Cohn','dcohn@modnaut.com','kLxNpX+0w9lWcamR3wSZ8O/828A=','C',0,0,'0000-00-00 00:00:00',0,'0000-00-00 00:00:00'),(4,'Ben','Dalgaardfasdfsa','bdalgaard@modnaut.com','kLxNpX+0w9lWcamR3wSZ8O/828A=','C',0,0,'0000-00-00 00:00:00',0,'0000-00-00 00:00:00');
/*!40000 ALTER TABLE `ninja` ENABLE KEYS */;
UNLOCK TABLES;

--
-- Table structure for table `ninjaclan`
--

DROP TABLE IF EXISTS `ninjaclan`;
/*!40101 SET @saved_cs_client     = @@character_set_client */;
/*!40101 SET character_set_client = utf8 */;
CREATE TABLE `ninjaclan` (
  `NinjaId` int(10) NOT NULL,
  `ClanId` int(10) NOT NULL,
  `CreatedByNinjaId` int(10) NOT NULL DEFAULT '4',
  `CreatedDate` timestamp NOT NULL DEFAULT CURRENT_TIMESTAMP,
  `LastModifiedById` varchar(45) NOT NULL,
  `LastModifiedDate` timestamp NOT NULL DEFAULT CURRENT_TIMESTAMP ON UPDATE CURRENT_TIMESTAMP,
  PRIMARY KEY (`NinjaId`,`ClanId`),
  KEY `FK_ninjaclan_clan` (`ClanId`),
  KEY `FK_ninjaclan_ninja_2` (`CreatedByNinjaId`),
  CONSTRAINT `FK_ninjaclan_clan` FOREIGN KEY (`ClanId`) REFERENCES `clan` (`ClanId`),
  CONSTRAINT `FK_ninjaclan_ninja` FOREIGN KEY (`NinjaId`) REFERENCES `ninja` (`NinjaId`),
  CONSTRAINT `FK_ninjaclan_ninja_2` FOREIGN KEY (`CreatedByNinjaId`) REFERENCES `ninja` (`NinjaId`)
) ENGINE=InnoDB DEFAULT CHARSET=utf8;
/*!40101 SET character_set_client = @saved_cs_client */;

--
-- Dumping data for table `ninjaclan`
--

LOCK TABLES `ninjaclan` WRITE;
/*!40000 ALTER TABLE `ninjaclan` DISABLE KEYS */;
INSERT INTO `ninjaclan` VALUES (3,1,3,'0000-00-00 00:00:00','','2013-04-09 03:24:18');
/*!40000 ALTER TABLE `ninjaclan` ENABLE KEYS */;
UNLOCK TABLES;

--
-- Table structure for table `ninjapower`
--

DROP TABLE IF EXISTS `ninjapower`;
/*!40101 SET @saved_cs_client     = @@character_set_client */;
/*!40101 SET character_set_client = utf8 */;
CREATE TABLE `ninjapower` (
  `NinjaId` int(10) NOT NULL,
  `PowerId` int(10) NOT NULL,
  `CreatedByNinjaId` int(10) NOT NULL DEFAULT '0',
  `CreatedDate` timestamp NOT NULL DEFAULT CURRENT_TIMESTAMP,
  `LastModifiedById` int(11) NOT NULL,
  `LastModifiedDate` timestamp NOT NULL DEFAULT CURRENT_TIMESTAMP ON UPDATE CURRENT_TIMESTAMP,
  PRIMARY KEY (`NinjaId`,`PowerId`),
  KEY `FK_ninjapower_power` (`PowerId`),
  KEY `FK_ninjapower_ninja_2` (`CreatedByNinjaId`),
  CONSTRAINT `FK_ninjapower_ninja` FOREIGN KEY (`NinjaId`) REFERENCES `ninja` (`NinjaId`),
  CONSTRAINT `FK_ninjapower_ninja_2` FOREIGN KEY (`CreatedByNinjaId`) REFERENCES `ninja` (`NinjaId`),
  CONSTRAINT `FK_ninjapower_power` FOREIGN KEY (`PowerId`) REFERENCES `power` (`PowerId`)
) ENGINE=InnoDB DEFAULT CHARSET=utf8;
/*!40101 SET character_set_client = @saved_cs_client */;

--
-- Dumping data for table `ninjapower`
--

LOCK TABLES `ninjapower` WRITE;
/*!40000 ALTER TABLE `ninjapower` DISABLE KEYS */;
INSERT INTO `ninjapower` VALUES (1,1,1,'0000-00-00 00:00:00',0,'2013-02-26 17:12:16'),(1,2,1,'0000-00-00 00:00:00',0,'2013-02-26 17:12:59'),(4,1,4,'0000-00-00 00:00:00',0,'2013-04-18 05:19:26');
/*!40000 ALTER TABLE `ninjapower` ENABLE KEYS */;
UNLOCK TABLES;

--
-- Table structure for table `ninjasession`
--

DROP TABLE IF EXISTS `ninjasession`;
/*!40101 SET @saved_cs_client     = @@character_set_client */;
/*!40101 SET character_set_client = utf8 */;
CREATE TABLE `ninjasession` (
  `NinjaId` int(10) NOT NULL DEFAULT '1',
  `SessionId` bigint(19) NOT NULL,
  `CreatedById` int(11) NOT NULL,
  `CreatedDate` timestamp NOT NULL DEFAULT CURRENT_TIMESTAMP,
  `LastModifiedById` int(11) NOT NULL,
  `LastModifiedDate` timestamp NOT NULL DEFAULT CURRENT_TIMESTAMP ON UPDATE CURRENT_TIMESTAMP,
  KEY `FK__session` (`SessionId`),
  KEY `FK_ninja` (`NinjaId`),
  CONSTRAINT `FK_ninjasession_ninja` FOREIGN KEY (`NinjaId`) REFERENCES `ninja` (`NinjaId`)
) ENGINE=InnoDB DEFAULT CHARSET=utf8;
/*!40101 SET character_set_client = @saved_cs_client */;

--
-- Dumping data for table `ninjasession`
--

LOCK TABLES `ninjasession` WRITE;
/*!40000 ALTER TABLE `ninjasession` DISABLE KEYS */;
INSERT INTO `ninjasession` VALUES (1,309872317084956,0,'0000-00-00 00:00:00',0,'0000-00-00 00:00:00'),(1,309872317084956,0,'0000-00-00 00:00:00',0,'0000-00-00 00:00:00'),(1,309872317084956,0,'0000-00-00 00:00:00',0,'0000-00-00 00:00:00'),(1,309872317084956,0,'0000-00-00 00:00:00',0,'0000-00-00 00:00:00'),(1,309872317084956,0,'0000-00-00 00:00:00',0,'0000-00-00 00:00:00'),(1,309872317084956,0,'0000-00-00 00:00:00',0,'0000-00-00 00:00:00'),(1,309872317084956,0,'0000-00-00 00:00:00',0,'0000-00-00 00:00:00'),(1,309872317084956,0,'0000-00-00 00:00:00',0,'0000-00-00 00:00:00'),(1,309872317084956,0,'0000-00-00 00:00:00',0,'0000-00-00 00:00:00'),(1,309872317084956,0,'0000-00-00 00:00:00',0,'0000-00-00 00:00:00'),(1,309872317084956,0,'0000-00-00 00:00:00',0,'0000-00-00 00:00:00'),(1,309872317084956,0,'0000-00-00 00:00:00',0,'0000-00-00 00:00:00'),(1,309872317084956,0,'0000-00-00 00:00:00',0,'0000-00-00 00:00:00'),(1,309872317084956,0,'0000-00-00 00:00:00',0,'0000-00-00 00:00:00'),(1,309872317084956,0,'0000-00-00 00:00:00',0,'0000-00-00 00:00:00'),(1,309872317084956,0,'0000-00-00 00:00:00',0,'0000-00-00 00:00:00'),(1,309872317084956,0,'0000-00-00 00:00:00',0,'0000-00-00 00:00:00'),(1,309872317084956,0,'0000-00-00 00:00:00',0,'0000-00-00 00:00:00'),(1,309872317084956,0,'0000-00-00 00:00:00',0,'0000-00-00 00:00:00'),(1,476311019084451968,0,'0000-00-00 00:00:00',0,'0000-00-00 00:00:00'),(1,1111757612856216064,0,'0000-00-00 00:00:00',0,'0000-00-00 00:00:00'),(1,1111757612856216064,0,'0000-00-00 00:00:00',0,'0000-00-00 00:00:00'),(1,1111757612856216064,0,'0000-00-00 00:00:00',0,'0000-00-00 00:00:00'),(1,1111757612856216064,0,'0000-00-00 00:00:00',0,'0000-00-00 00:00:00'),(1,1111757612856216064,0,'0000-00-00 00:00:00',0,'0000-00-00 00:00:00'),(1,1111757612856216064,0,'0000-00-00 00:00:00',0,'0000-00-00 00:00:00'),(1,1111757612856216064,0,'0000-00-00 00:00:00',0,'0000-00-00 00:00:00'),(1,1111757612856216064,0,'0000-00-00 00:00:00',0,'0000-00-00 00:00:00'),(1,1111757612856216064,0,'0000-00-00 00:00:00',0,'0000-00-00 00:00:00'),(1,1111757612856216064,0,'0000-00-00 00:00:00',0,'0000-00-00 00:00:00'),(1,1111757612856216064,0,'0000-00-00 00:00:00',0,'0000-00-00 00:00:00'),(1,1111757612856216064,0,'0000-00-00 00:00:00',0,'0000-00-00 00:00:00'),(1,476311019084451968,0,'0000-00-00 00:00:00',0,'0000-00-00 00:00:00'),(1,476311019084451968,0,'0000-00-00 00:00:00',0,'0000-00-00 00:00:00'),(1,476311019084451968,0,'0000-00-00 00:00:00',0,'0000-00-00 00:00:00'),(1,476311019084451968,0,'0000-00-00 00:00:00',0,'0000-00-00 00:00:00'),(1,476311019084451968,0,'0000-00-00 00:00:00',0,'0000-00-00 00:00:00'),(1,476311019084451968,0,'0000-00-00 00:00:00',0,'0000-00-00 00:00:00'),(1,476311019084451968,0,'0000-00-00 00:00:00',0,'0000-00-00 00:00:00'),(1,476311019084451968,0,'0000-00-00 00:00:00',0,'0000-00-00 00:00:00'),(1,476311019084451968,0,'0000-00-00 00:00:00',0,'0000-00-00 00:00:00'),(1,476311019084451968,0,'0000-00-00 00:00:00',0,'0000-00-00 00:00:00'),(1,476311019084451968,0,'0000-00-00 00:00:00',0,'0000-00-00 00:00:00'),(1,476311019084451968,0,'0000-00-00 00:00:00',0,'0000-00-00 00:00:00'),(1,476311019084451968,0,'0000-00-00 00:00:00',0,'0000-00-00 00:00:00'),(1,476311019084451968,0,'0000-00-00 00:00:00',0,'0000-00-00 00:00:00'),(1,476311019084451968,0,'0000-00-00 00:00:00',0,'0000-00-00 00:00:00'),(1,476311019084451968,0,'0000-00-00 00:00:00',0,'0000-00-00 00:00:00'),(1,476311019084451968,0,'0000-00-00 00:00:00',0,'0000-00-00 00:00:00'),(1,476311019084451968,0,'0000-00-00 00:00:00',0,'0000-00-00 00:00:00'),(1,476311019084451968,0,'0000-00-00 00:00:00',0,'0000-00-00 00:00:00'),(1,476311019084451968,0,'0000-00-00 00:00:00',0,'0000-00-00 00:00:00'),(1,476311019084451968,0,'0000-00-00 00:00:00',0,'0000-00-00 00:00:00'),(1,476311019084451968,0,'0000-00-00 00:00:00',0,'0000-00-00 00:00:00'),(1,476311019084451968,0,'0000-00-00 00:00:00',0,'0000-00-00 00:00:00'),(1,476311019084451968,0,'0000-00-00 00:00:00',0,'0000-00-00 00:00:00'),(1,476311019084451968,0,'0000-00-00 00:00:00',0,'0000-00-00 00:00:00'),(1,476311019084451968,0,'0000-00-00 00:00:00',0,'0000-00-00 00:00:00'),(1,476311019084451968,0,'0000-00-00 00:00:00',0,'0000-00-00 00:00:00'),(1,476311019084451968,0,'0000-00-00 00:00:00',0,'0000-00-00 00:00:00'),(1,476311019084451968,0,'0000-00-00 00:00:00',0,'0000-00-00 00:00:00'),(1,476311019084451968,0,'0000-00-00 00:00:00',0,'0000-00-00 00:00:00'),(1,476311019084451968,0,'0000-00-00 00:00:00',0,'0000-00-00 00:00:00'),(1,476311019084451968,0,'0000-00-00 00:00:00',0,'0000-00-00 00:00:00'),(1,476311019084451968,0,'0000-00-00 00:00:00',0,'0000-00-00 00:00:00'),(1,476311019084451968,0,'0000-00-00 00:00:00',0,'0000-00-00 00:00:00'),(1,476311019084451968,0,'0000-00-00 00:00:00',0,'0000-00-00 00:00:00'),(1,476311019084451968,0,'0000-00-00 00:00:00',0,'0000-00-00 00:00:00'),(1,476311019084451968,0,'0000-00-00 00:00:00',0,'0000-00-00 00:00:00'),(1,476311019084451968,0,'0000-00-00 00:00:00',0,'0000-00-00 00:00:00'),(1,476311019084451968,0,'0000-00-00 00:00:00',0,'0000-00-00 00:00:00'),(1,476311019084451968,0,'0000-00-00 00:00:00',0,'0000-00-00 00:00:00'),(1,476311019084451968,0,'0000-00-00 00:00:00',0,'0000-00-00 00:00:00'),(1,476311019084451968,0,'0000-00-00 00:00:00',0,'0000-00-00 00:00:00'),(1,476311019084451968,0,'0000-00-00 00:00:00',0,'0000-00-00 00:00:00'),(1,476311019084451968,0,'0000-00-00 00:00:00',0,'0000-00-00 00:00:00'),(1,476311019084451968,0,'0000-00-00 00:00:00',0,'0000-00-00 00:00:00'),(1,476311019084451968,0,'0000-00-00 00:00:00',0,'0000-00-00 00:00:00'),(1,476311019084451968,0,'0000-00-00 00:00:00',0,'0000-00-00 00:00:00'),(1,476311019084451968,0,'0000-00-00 00:00:00',0,'0000-00-00 00:00:00'),(1,476311019084451968,0,'0000-00-00 00:00:00',0,'0000-00-00 00:00:00'),(1,476311019084451968,0,'0000-00-00 00:00:00',0,'0000-00-00 00:00:00'),(1,476311019084451968,0,'0000-00-00 00:00:00',0,'0000-00-00 00:00:00'),(1,476311019084451968,0,'0000-00-00 00:00:00',0,'0000-00-00 00:00:00'),(1,476311019084451968,0,'0000-00-00 00:00:00',0,'0000-00-00 00:00:00'),(1,476311019084451968,0,'0000-00-00 00:00:00',0,'0000-00-00 00:00:00'),(1,476311019084451968,0,'0000-00-00 00:00:00',0,'0000-00-00 00:00:00'),(1,476311019084451968,0,'0000-00-00 00:00:00',0,'0000-00-00 00:00:00'),(1,476311019084451968,0,'0000-00-00 00:00:00',0,'0000-00-00 00:00:00'),(1,476311019084451968,0,'0000-00-00 00:00:00',0,'0000-00-00 00:00:00'),(1,476311019084451968,0,'0000-00-00 00:00:00',0,'0000-00-00 00:00:00'),(1,476311019084451968,0,'0000-00-00 00:00:00',0,'0000-00-00 00:00:00'),(1,476311019084451968,0,'0000-00-00 00:00:00',0,'0000-00-00 00:00:00'),(1,476311019084451968,0,'0000-00-00 00:00:00',0,'0000-00-00 00:00:00'),(1,476311019084451968,0,'0000-00-00 00:00:00',0,'0000-00-00 00:00:00'),(1,476311019084451968,0,'0000-00-00 00:00:00',0,'0000-00-00 00:00:00'),(1,476311019084451968,0,'0000-00-00 00:00:00',0,'0000-00-00 00:00:00'),(1,476311019084451968,0,'0000-00-00 00:00:00',0,'0000-00-00 00:00:00'),(1,476311019084451968,0,'0000-00-00 00:00:00',0,'0000-00-00 00:00:00'),(1,476311019084451968,0,'0000-00-00 00:00:00',0,'0000-00-00 00:00:00'),(1,476311019084451968,0,'0000-00-00 00:00:00',0,'0000-00-00 00:00:00'),(1,476311019084451968,0,'0000-00-00 00:00:00',0,'0000-00-00 00:00:00'),(1,476311019084451968,0,'0000-00-00 00:00:00',0,'0000-00-00 00:00:00'),(1,476311019084451968,0,'0000-00-00 00:00:00',0,'0000-00-00 00:00:00'),(1,476311019084451968,0,'0000-00-00 00:00:00',0,'0000-00-00 00:00:00'),(1,476311019084451968,0,'0000-00-00 00:00:00',0,'0000-00-00 00:00:00'),(1,476311019084451968,0,'0000-00-00 00:00:00',0,'0000-00-00 00:00:00'),(1,476311019084451968,0,'0000-00-00 00:00:00',0,'0000-00-00 00:00:00'),(1,476311019084451968,0,'0000-00-00 00:00:00',0,'0000-00-00 00:00:00'),(1,476311019084451968,0,'0000-00-00 00:00:00',0,'0000-00-00 00:00:00'),(1,476311019084451968,0,'0000-00-00 00:00:00',0,'0000-00-00 00:00:00'),(1,476311019084451968,0,'0000-00-00 00:00:00',0,'0000-00-00 00:00:00'),(1,476311019084451968,0,'0000-00-00 00:00:00',0,'0000-00-00 00:00:00'),(1,476311019084451968,0,'0000-00-00 00:00:00',0,'0000-00-00 00:00:00'),(1,476311019084451968,0,'0000-00-00 00:00:00',0,'0000-00-00 00:00:00'),(1,476311019084451968,0,'0000-00-00 00:00:00',0,'0000-00-00 00:00:00'),(1,476311019084451968,0,'0000-00-00 00:00:00',0,'0000-00-00 00:00:00'),(1,476311019084451968,0,'0000-00-00 00:00:00',0,'0000-00-00 00:00:00'),(1,476311019084451968,0,'0000-00-00 00:00:00',0,'0000-00-00 00:00:00'),(1,476311019084451968,0,'0000-00-00 00:00:00',0,'0000-00-00 00:00:00'),(1,476311019084451968,0,'0000-00-00 00:00:00',0,'0000-00-00 00:00:00'),(1,476311019084451968,0,'0000-00-00 00:00:00',0,'0000-00-00 00:00:00'),(1,476311019084451968,0,'0000-00-00 00:00:00',0,'0000-00-00 00:00:00'),(1,476311019084451968,0,'0000-00-00 00:00:00',0,'0000-00-00 00:00:00'),(1,1111757612856216064,0,'0000-00-00 00:00:00',0,'0000-00-00 00:00:00'),(1,1111757612856216064,0,'0000-00-00 00:00:00',0,'0000-00-00 00:00:00'),(1,476311019084451968,0,'0000-00-00 00:00:00',0,'0000-00-00 00:00:00'),(1,476311019084451968,0,'0000-00-00 00:00:00',0,'0000-00-00 00:00:00'),(1,476311019084451968,0,'0000-00-00 00:00:00',0,'0000-00-00 00:00:00'),(1,476311019084451968,0,'0000-00-00 00:00:00',0,'0000-00-00 00:00:00'),(1,476311019084451968,0,'0000-00-00 00:00:00',0,'0000-00-00 00:00:00'),(1,476311019084451968,0,'0000-00-00 00:00:00',0,'0000-00-00 00:00:00'),(1,476311019084451968,0,'0000-00-00 00:00:00',0,'0000-00-00 00:00:00'),(1,476311019084451968,0,'0000-00-00 00:00:00',0,'0000-00-00 00:00:00'),(1,476311019084451968,0,'0000-00-00 00:00:00',0,'0000-00-00 00:00:00'),(1,476311019084451968,0,'0000-00-00 00:00:00',0,'0000-00-00 00:00:00'),(1,476311019084451968,0,'0000-00-00 00:00:00',0,'0000-00-00 00:00:00'),(1,476311019084451968,0,'0000-00-00 00:00:00',0,'0000-00-00 00:00:00'),(1,476311019084451968,0,'0000-00-00 00:00:00',0,'0000-00-00 00:00:00'),(1,476311019084451968,0,'0000-00-00 00:00:00',0,'0000-00-00 00:00:00'),(1,476311019084451968,0,'0000-00-00 00:00:00',0,'0000-00-00 00:00:00'),(1,476311019084451968,0,'0000-00-00 00:00:00',0,'0000-00-00 00:00:00'),(1,476311019084451968,0,'0000-00-00 00:00:00',0,'0000-00-00 00:00:00'),(1,476311019084451968,0,'0000-00-00 00:00:00',0,'0000-00-00 00:00:00'),(1,476311019084451968,0,'0000-00-00 00:00:00',0,'0000-00-00 00:00:00'),(1,476311019084451968,0,'0000-00-00 00:00:00',0,'0000-00-00 00:00:00'),(1,476311019084451968,0,'0000-00-00 00:00:00',0,'0000-00-00 00:00:00'),(1,476311019084451968,0,'0000-00-00 00:00:00',0,'0000-00-00 00:00:00'),(1,476311019084451968,0,'0000-00-00 00:00:00',0,'0000-00-00 00:00:00'),(1,476311019084451968,0,'0000-00-00 00:00:00',0,'0000-00-00 00:00:00'),(1,476311019084451968,0,'0000-00-00 00:00:00',0,'0000-00-00 00:00:00'),(1,476311019084451968,0,'0000-00-00 00:00:00',0,'0000-00-00 00:00:00'),(1,476311019084451968,0,'0000-00-00 00:00:00',0,'0000-00-00 00:00:00'),(1,476311019084451968,0,'0000-00-00 00:00:00',0,'0000-00-00 00:00:00'),(1,476311019084451968,0,'0000-00-00 00:00:00',0,'0000-00-00 00:00:00'),(1,476311019084451968,0,'0000-00-00 00:00:00',0,'0000-00-00 00:00:00'),(1,476311019084451968,0,'0000-00-00 00:00:00',0,'0000-00-00 00:00:00'),(1,476311019084451968,0,'0000-00-00 00:00:00',0,'0000-00-00 00:00:00'),(1,476311019084451968,0,'0000-00-00 00:00:00',0,'0000-00-00 00:00:00'),(1,476311019084451968,0,'0000-00-00 00:00:00',0,'0000-00-00 00:00:00'),(1,476311019084451968,0,'0000-00-00 00:00:00',0,'0000-00-00 00:00:00'),(1,476311019084451968,0,'0000-00-00 00:00:00',0,'0000-00-00 00:00:00'),(1,476311019084451968,0,'0000-00-00 00:00:00',0,'0000-00-00 00:00:00'),(1,476311019084451968,0,'0000-00-00 00:00:00',0,'0000-00-00 00:00:00'),(1,476311019084451968,0,'0000-00-00 00:00:00',0,'0000-00-00 00:00:00'),(1,476311019084451968,0,'0000-00-00 00:00:00',0,'0000-00-00 00:00:00'),(1,476311019084451968,0,'0000-00-00 00:00:00',0,'0000-00-00 00:00:00'),(1,476311019084451968,0,'0000-00-00 00:00:00',0,'0000-00-00 00:00:00'),(1,476311019084451968,0,'0000-00-00 00:00:00',0,'0000-00-00 00:00:00'),(1,476311019084451968,0,'0000-00-00 00:00:00',0,'0000-00-00 00:00:00'),(1,476311019084451968,0,'0000-00-00 00:00:00',0,'0000-00-00 00:00:00'),(1,476311019084451968,0,'0000-00-00 00:00:00',0,'0000-00-00 00:00:00'),(1,476311019084451968,0,'0000-00-00 00:00:00',0,'0000-00-00 00:00:00'),(1,476311019084451968,0,'0000-00-00 00:00:00',0,'0000-00-00 00:00:00'),(1,476311019084451968,0,'0000-00-00 00:00:00',0,'0000-00-00 00:00:00'),(1,476311019084451968,0,'0000-00-00 00:00:00',0,'0000-00-00 00:00:00'),(1,476311019084451968,0,'0000-00-00 00:00:00',0,'0000-00-00 00:00:00'),(1,476311019084451968,0,'0000-00-00 00:00:00',0,'0000-00-00 00:00:00'),(1,476311019084451968,0,'0000-00-00 00:00:00',0,'0000-00-00 00:00:00'),(1,476311019084451968,0,'0000-00-00 00:00:00',0,'0000-00-00 00:00:00'),(1,476311019084451968,0,'0000-00-00 00:00:00',0,'0000-00-00 00:00:00'),(1,476311019084451968,0,'0000-00-00 00:00:00',0,'0000-00-00 00:00:00'),(1,476311019084451968,0,'0000-00-00 00:00:00',0,'0000-00-00 00:00:00'),(1,476311019084451968,0,'0000-00-00 00:00:00',0,'0000-00-00 00:00:00'),(1,476311019084451968,0,'0000-00-00 00:00:00',0,'0000-00-00 00:00:00'),(1,476311019084451968,0,'0000-00-00 00:00:00',0,'0000-00-00 00:00:00'),(1,476311019084451968,0,'0000-00-00 00:00:00',0,'0000-00-00 00:00:00'),(1,476311019084451968,0,'0000-00-00 00:00:00',0,'0000-00-00 00:00:00'),(1,476311019084451968,0,'0000-00-00 00:00:00',0,'0000-00-00 00:00:00'),(1,476311019084451968,0,'0000-00-00 00:00:00',0,'0000-00-00 00:00:00'),(1,476311019084451968,0,'0000-00-00 00:00:00',0,'0000-00-00 00:00:00'),(1,476311019084451968,0,'0000-00-00 00:00:00',0,'0000-00-00 00:00:00'),(1,476311019084451968,0,'0000-00-00 00:00:00',0,'0000-00-00 00:00:00'),(1,476311019084451968,0,'0000-00-00 00:00:00',0,'0000-00-00 00:00:00'),(1,476311019084451968,0,'0000-00-00 00:00:00',0,'0000-00-00 00:00:00'),(1,476311019084451968,0,'0000-00-00 00:00:00',0,'0000-00-00 00:00:00'),(1,476311019084451968,0,'0000-00-00 00:00:00',0,'0000-00-00 00:00:00'),(1,476311019084451968,0,'0000-00-00 00:00:00',0,'0000-00-00 00:00:00'),(1,476311019084451968,0,'0000-00-00 00:00:00',0,'0000-00-00 00:00:00'),(1,476311019084451968,0,'0000-00-00 00:00:00',0,'0000-00-00 00:00:00'),(1,476311019084451968,0,'0000-00-00 00:00:00',0,'0000-00-00 00:00:00'),(1,476311019084451968,0,'0000-00-00 00:00:00',0,'0000-00-00 00:00:00'),(1,476311019084451968,0,'0000-00-00 00:00:00',0,'0000-00-00 00:00:00'),(1,1111757612856216064,0,'0000-00-00 00:00:00',0,'0000-00-00 00:00:00'),(1,476311019084451968,0,'0000-00-00 00:00:00',0,'0000-00-00 00:00:00'),(1,476311019084451968,0,'0000-00-00 00:00:00',0,'0000-00-00 00:00:00'),(1,476311019084451968,0,'0000-00-00 00:00:00',0,'0000-00-00 00:00:00'),(1,1111757612856216064,0,'0000-00-00 00:00:00',0,'0000-00-00 00:00:00'),(1,1111757612856216064,0,'0000-00-00 00:00:00',0,'0000-00-00 00:00:00'),(1,476311019084451968,0,'2013-07-02 12:25:49',0,'2013-07-02 12:25:49'),(1,476311019084451968,0,'2013-07-02 12:25:52',0,'2013-07-02 12:25:52'),(1,476311019084451968,0,'2013-07-02 12:26:06',0,'2013-07-02 12:26:06'),(1,476311019084451968,0,'2013-07-02 12:26:21',0,'2013-07-02 12:26:21'),(1,476311019084451968,0,'2013-07-02 12:26:21',0,'2013-07-02 12:26:21'),(1,476311019084451968,0,'2013-07-02 12:26:35',0,'2013-07-02 12:26:35'),(1,476311019084451968,0,'2013-07-02 12:26:36',0,'2013-07-02 12:26:36'),(1,476311019084451968,0,'2013-07-02 12:26:40',0,'2013-07-02 12:26:40'),(1,476311019084451968,0,'2013-07-02 12:26:41',0,'2013-07-02 12:26:41'),(1,476311019084451968,0,'2013-07-02 12:26:46',0,'2013-07-02 12:26:46');
/*!40000 ALTER TABLE `ninjasession` ENABLE KEYS */;
UNLOCK TABLES;

--
-- Table structure for table `ninjatype`
--

DROP TABLE IF EXISTS `ninjatype`;
/*!40101 SET @saved_cs_client     = @@character_set_client */;
/*!40101 SET character_set_client = utf8 */;
CREATE TABLE `ninjatype` (
  `NinjaTypeCd` char(1) NOT NULL,
  `NinjaTypeDescription` varchar(50) NOT NULL,
  `CreatedById` int(11) NOT NULL,
  `CreatedDate` timestamp NOT NULL DEFAULT CURRENT_TIMESTAMP,
  `LastModifiedById` int(11) NOT NULL,
  `LastModifiedDate` timestamp NOT NULL DEFAULT CURRENT_TIMESTAMP ON UPDATE CURRENT_TIMESTAMP,
  PRIMARY KEY (`NinjaTypeCd`)
) ENGINE=InnoDB DEFAULT CHARSET=utf8;
/*!40101 SET character_set_client = @saved_cs_client */;

--
-- Dumping data for table `ninjatype`
--

LOCK TABLES `ninjatype` WRITE;
/*!40000 ALTER TABLE `ninjatype` DISABLE KEYS */;
INSERT INTO `ninjatype` VALUES ('A','Administrator',0,'0000-00-00 00:00:00',0,'0000-00-00 00:00:00'),('C','Customer',0,'0000-00-00 00:00:00',0,'0000-00-00 00:00:00');
/*!40000 ALTER TABLE `ninjatype` ENABLE KEYS */;
UNLOCK TABLES;

--
-- Table structure for table `power`
--

DROP TABLE IF EXISTS `power`;
/*!40101 SET @saved_cs_client     = @@character_set_client */;
/*!40101 SET character_set_client = utf8 */;
CREATE TABLE `power` (
  `PowerId` int(10) NOT NULL AUTO_INCREMENT,
  `PowerDescription` varchar(100) NOT NULL,
  `PowerStatusCd` char(1) NOT NULL DEFAULT 'A',
  `CreatedById` int(11) NOT NULL,
  `CreatedDate` timestamp NOT NULL DEFAULT CURRENT_TIMESTAMP,
  `LastModifiedById` int(11) NOT NULL,
  `LastModifiedDate` timestamp NOT NULL DEFAULT CURRENT_TIMESTAMP ON UPDATE CURRENT_TIMESTAMP,
  PRIMARY KEY (`PowerId`)
) ENGINE=InnoDB AUTO_INCREMENT=3 DEFAULT CHARSET=utf8;
/*!40101 SET character_set_client = @saved_cs_client */;

--
-- Dumping data for table `power`
--

LOCK TABLES `power` WRITE;
/*!40000 ALTER TABLE `power` DISABLE KEYS */;
INSERT INTO `power` VALUES (1,'Application Access','A',0,'0000-00-00 00:00:00',0,'0000-00-00 00:00:00'),(2,'Admin Access','A',0,'0000-00-00 00:00:00',0,'0000-00-00 00:00:00');
/*!40000 ALTER TABLE `power` ENABLE KEYS */;
UNLOCK TABLES;

--
-- Table structure for table `session`
--

DROP TABLE IF EXISTS `session`;
/*!40101 SET @saved_cs_client     = @@character_set_client */;
/*!40101 SET character_set_client = utf8 */;
CREATE TABLE `session` (
  `SessionId` bigint(19) NOT NULL,
  `SessionObject` varbinary(65500) NOT NULL,
  `CreatedDate` timestamp NOT NULL DEFAULT CURRENT_TIMESTAMP,
  `LastModifiedDate` timestamp NOT NULL DEFAULT CURRENT_TIMESTAMP ON UPDATE CURRENT_TIMESTAMP,
  PRIMARY KEY (`SessionId`)
) ENGINE=InnoDB DEFAULT CHARSET=utf8;
/*!40101 SET character_set_client = @saved_cs_client */;

--
-- Dumping data for table `session`
--

LOCK TABLES `session` WRITE;
/*!40000 ALTER TABLE `session` DISABLE KEYS */;
INSERT INTO `session` VALUES (309872317084956,'¬í\0sr\0*com.modnaut.framework.session.NinjaSessionÆÓyÒ­ñ?\0Z\0is_authenticatedI\0ninja_idJ\0\nsession_idL\0emailt\0Ljava/lang/String;L\0	firstNameq\0~\0L\0lastNameq\0~\0L\0mapt\0Ljava/util/HashMap;xp\0\0\0\0\0ÓÅbµt\0\0t\0guestq\0~\0sr\0java.util.HashMapÚÁÃ`Ñ\0F\0\nloadFactorI\0	thresholdxp?@\0\0\0\0\0w\0\0\0\0\0\0t\0filesr\0/org.apache.commons.fileupload.disk.DiskFileItem\rr&???q\0\nZ\0isFormFieldJ\0sizeI\0\rsizeThreshold[\0\rcachedContentt\0[BL\0contentTypeq\0~\0L\0dfosFilet\0Ljava/io/File;L\0	fieldNameq\0~\0L\0fileNameq\0~\0L\0headerst\0/Lorg/apache/commons/fileupload/FileItemHeaders;L\0\nrepositoryq\0~\0xp\0ÿÿÿÿÿÿÿÿ\0\0(\0ur\0[B¬óøTà\0\0xp\0\0\"?PHByb2plY3QgbmFtZT0icHJpbWFyeSIgZGVmYXVsdD0iIiBiYXNlZGlyPSIuIj4NCgk8IS0tID09PT09PT09PT09PT09PT09PT09PSBQcm9wZXJ0eSBEZWZpbml0aW9ucyA9PT09PT09PT09PT09PT09PT09PT09PT09PT0gLS0+DQoJPHByb3BlcnR5IGZpbGU9ImJ1aWxkLWxvY2FsLnByb3BlcnRpZXMiLz4NCgk8cHJvcGVydHkgZmlsZT0iJHtiYXNlZGlyfS9idWlsZC5wcm9wZXJ0aWVzIi8+DQoJPCEtLSA9PT09PT09PT09PT09PT09PT09PSBDb21waWxhdGlvbiBDbGFzc3BhdGggPT09PT09PT09PT09PT09PT09PT09PT09PT09IC0tPg0KCTxwYXRoIGlkPSJjb21waWxlLmNsYXNzcGF0aCI+DQoJCTxmaWxlc2V0IGRpcj0iJHtjYXRhbGluYS5ob21lfS9iaW4iPg0KCQkJPGluY2x1ZGUgbmFtZT0iKi5qYXIiLz4NCgkJPC9maWxlc2V0Pg0KCQk8cGF0aGVsZW1lbnQgbG9jYXRpb249IiR7Y2F0YWxpbmEuaG9tZX0vbGliIi8+DQoJCTxmaWxlc2V0IGRpcj0iJHtjYXRhbGluYS5ob21lfS9saWIiPg0KCQkJPGluY2x1ZGUgbmFtZT0iKi5qYXIiLz4NCgkJPC9maWxlc2V0Pg0KCQk8cGF0aGVsZW1lbnQgbG9jYXRpb249IiR7YmFzZWRpcn0vd2ViL1dFQi1JTkYvbGliIi8+DQoJCTxmaWxlc2V0IGRpcj0iJHtiYXNlZGlyfS93ZWIvV0VCLUlORi9saWIiPg0KCQkJPGluY2x1ZGUgbmFtZT0iKi5qYXIiLz4NCgkJPC9maWxlc2V0Pg0KCTwvcGF0aD4NCgk8dGFza2RlZiByZXNvdXJjZT0ibmV0L3NmL2FudGNvbnRyaWIvYW50Y29udHJpYi5wcm9wZXJ0aWVzIiBjbGFzc3BhdGhyZWY9ImNvbXBpbGUuY2xhc3NwYXRoIi8+DQoJPHRhc2tkZWYgbmFtZT0ieGpjIiBjbGFzc25hbWU9ImNvbS5zdW4udG9vbHMueGpjLlhKQ1Rhc2siIGNsYXNzcGF0aHJlZj0iY29tcGlsZS5jbGFzc3BhdGgiLz4NCgk8cHJvcGVydHkgbmFtZT0iZGF0YWJhc2UudXJsIiB2YWx1ZT0iamRiYzpteXNxbDovL2xvY2FsaG9zdDozMzA2LyIvPg0KCTxwcm9wZXJ0eSBuYW1lPSJkYXRhYmFzZS51c2VyaWQiIHZhbHVlPSJtb2RuYXV0MDAiLz4NCgk8cHJvcGVydHkgbmFtZT0iZGF0YWJhc2UucGFzc3dvcmQiIHZhbHVlPSJ6cDRYMjYzdFRTdjA2T24iLz4NCgk8Y29uZGl0aW9uIHByb3BlcnR5PSJpc01hY09TIj4NCgkgICAgPG9zIGZhbWlseT0ibWFjIi8+DQoJPC9jb25kaXRpb24+DQoJPGlmPg0KCQk8ZXF1YWxzIGFyZzE9IiR7aXNNYWNPU30iIGFyZzI9InRydWUiLz4NCgkJPHRoZW4+DQoJCQk8cHJvcGVydHkgbmFtZT0ic2VuY2hhLmRpciIgdmFsdWU9IiR7YmFzZWRpcn0vcmVzb3VyY2VzL3NlbmNoYWNtZG1hYyIvPgkNCgkJPC90aGVuPg0KCQk8ZWxzZT4NCgkJCTxwcm9wZXJ0eSBuYW1lPSJzZW5jaGEuZGlyIiB2YWx1ZT0iJHtiYXNlZGlyfS9yZXNvdXJjZXMvc2VuY2hhY21kIi8+DQoJCTwvZWxzZT4NCgk8L2lmPg0KCTxwcm9wZXJ0eSBuYW1lPSJleHRqcy5kaXIiIHZhbHVlPSIke2Jhc2VkaXJ9L3dlYi9zdGF0aWMvZXh0anMiLz4NCgk8cHJvcGVydHkgbmFtZT0icnVieS5kaXIiIHZhbHVlPSIke2Jhc2VkaXJ9L3Jlc291cmNlcy9ydWJ5L2JpbiIvPg0KCTx0YXJnZXQgbmFtZT0iZ2VuZXJhdGUtY2xhc3NlcyIgZGVzY3JpcHRpb249IkdlbmVyYXRlcyBhbGwgZHluYW1pYyBKYXZhIGNsYXNzZXMiPg0KCQk8YW50Y2FsbCB0YXJnZXQ9ImdlbmVyYXRlLXNxbHF1ZXJ5LWNsYXNzZXMiLz4NCgkJPGFudGNhbGwgdGFyZ2V0PSJnZW5lcmF0ZS12aWV3LWNsYXNzZXMiLz4NCgk8L3RhcmdldD4NCgk8dGFyZ2V0IG5hbWU9ImdlbmVyYXRlLXNxbHF1ZXJ5LWNsYXNzZXMiPg0KCQk8eGpjIHJlbW92ZU9sZE91dHB1dD0ieWVzIiBzY2hlbWE9IndlYi9XRUItSU5GL3hzZC9TcWxNZXRhRGF0YS54c2QiIGRlc3RkaXI9InNyYyIgcGFja2FnZT0iY29tLm1vZG5hdXQuZnJhbWV3b3JrLnByb3BlcnRpZXMuc3FsbWV0YWRhdGEiLz4NCgk8L3RhcmdldD4NCgk8dGFyZ2V0IG5hbWU9ImdlbmVyYXRlLXZpZXctY2xhc3NlcyI+DQoJCTxkZWxldGUgZmlsZT0id2ViL1dFQi1JTkYveHNkL1N0cmluZy5lcGlzb2RlIi8+DQoJCTx4amMgcmVtb3ZlT2xkT3V0cHV0PSJ5ZXMiIHNjaGVtYT0id2ViL1dFQi1JTkYveHNkL1N0cmluZy54c2QiIGRlc3RkaXI9InNyYyIgcGFja2FnZT0iY29tLm1vZG5hdXQuZnJhbWV3b3JrLnByb3BlcnRpZXMuc3RyaW5nIj4NCgkJCTxhcmcgdmFsdWU9Ii1leHRlbnNpb24iLz4NCgkJCTxhcmcgdmFsdWU9Ii1lcGlzb2RlIi8+DQoJCQk8YXJnIHZhbHVlPSJ3ZWIvV0VCLUlORi94c2QvU3RyaW5nLmVwaXNvZGUiLz4NCgkJPC94amM+DQoJCTx4amMgcmVtb3ZlT2xkT3V0cHV0PSJ5ZXMiIHNjaGVtYT0id2ViL1dFQi1JTkYveHNkL0FwcGxpY2F0aW9uLnhzZCIgZGVzdGRpcj0ic3JjIiBwYWNrYWdlPSJjb20ubW9kbmF1dC5mcmFtZXdvcmsucHJvcGVydGllcy5hcHBsaWNhdGlvbiI+DQoJCQk8YXJnIHZhbHVlPSItZXh0ZW5zaW9uIi8+DQoJCQk8YXJnIHZhbHVlPSItYiIvPg0KCQkJPGFyZyB2YWx1ZT0id2ViL1dFQi1JTkYveHNkL1N0cmluZy5lcGlzb2RlIi8+DQoJCTwveGpjPg0KCQk8eGpjIHJlbW92ZU9sZE91dHB1dD0ieWVzIiBzY2hlbWE9IndlYi9XRUItSU5GL3hzZC9WaWV3TWV0YURhdGEueHNkIiBkZXN0ZGlyPSJzcmMiIHBhY2thZ2U9ImNvbS5tb2RuYXV0LmZyYW1ld29yay5wcm9wZXJ0aWVzLnZpZXdtZXRhZGF0YSI+DQoJCQk8YXJnIHZhbHVlPSItZXh0ZW5zaW9uIi8+DQoJCQk8YXJnIHZhbHVlPSItYiIvPg0KCQkJPGFyZyB2YWx1ZT0id2ViL1dFQi1JTkYveHNkL1N0cmluZy5lcGlzb2RlIi8+DQoJCTwveGpjPg0KCQk8ZGVsZXRlIGZpbGU9IndlYi9XRUItSU5GL3hzZC9TdHJpbmcuZXBpc29kZSIvPg0KCTwvdGFyZ2V0Pg0KCTx0YXJnZXQgbmFtZT0ibXlzcWwiIGRlc2NyaXB0aW9uPSJSZWdlbmVyYXRlcyBlbnRpcmUgTXlTUUwgc3RydWN0dXJlIGZyb20gZmlsZSI+DQoJCTxhbnRjYWxsIHRhcmdldD0iZ2VuZXJhdGUtbXlzcWwtc3RydWN0dXJlIi8+DQoJCTxhbnRjYWxsIHRhcmdldD0iZ2VuZXJhdGUtbXlzcWwtcHJvY2VkdXJlcyIvPg0KCTwvdGFyZ2V0Pg0KCTx0YXJnZXQgbmFtZT0iZ2VuZXJhdGUtbXlzcWwtc3RydWN0dXJlIj4NCgkJPCEtLWRlbGV0ZXMgYW5kIHJlYnVpbGRzIG15c3FsIGRhdGFiYXNlIHN0cnVjdHVyZS0tPg0KCQk8c3FsIGRyaXZlcj0iY29tLm15c3FsLmpkYmMuRHJpdmVyIiBjbGFzc3BhdGhyZWY9ImNvbXBpbGUuY2xhc3NwYXRoIiB1cmw9IiR7ZGF0YWJhc2UudXJsfSIgdXNlcmlkPSIke2RhdGFiYXNlLnVzZXJpZH0iIHBhc3N3b3JkPSIke2RhdGFiYXNlLnBhc3N3b3JkfSI+DQoJCQk8dHJhbnNhY3Rpb24gc3JjPSJzcWwvbW9kbmF1dC1kYXRhYmFzZS5zcWwiLz4NCgkJPC9zcWw+DQoJPC90YXJnZXQ+DQoJPHRhcmdldCBuYW1lPSJnZW5lcmF0ZS1teXNxbC1wcm9jZWR1cmVzIj4NCgkJPCEtLVJ1bnMgbXlzcWwgcHJvY2VkdXJlcy4gIFNlcGVyYXRlIHNvIHRoYXQgd2UgY2FuIGRlZmluZSBhIHJvdyBkZWxpbWV0ZXIgd2l0aG91dCBjaGFuZ2luZyBtb2RuYXV0LWRhdGFiYXNlLnNxbC0tPg0KCQk8c3FsIGRyaXZlcj0iY29tLm15c3FsLmpkYmMuRHJpdmVyIiBjbGFzc3BhdGhyZWY9ImNvbXBpbGUuY2xhc3NwYXRoIiB1cmw9IiR7ZGF0YWJhc2UudXJsfSIgdXNlcmlkPSIke2RhdGFiYXNlLnVzZXJpZH0iIHBhc3N3b3JkPSIke2RhdGFiYXNlLnBhc3N3b3JkfSIgZGVsaW1pdGVyVHlwZT0icm93Ij4NCgkJCTx0cmFuc2FjdGlvbiBzcmM9InNxbC91cF9BdXRoZW50aWNhdGVOaW5qYS5zcWwiLz4NCgkJCTx0cmFuc2FjdGlvbiBzcmM9InNxbC91cF9HZXROaW5qYVNlc3Npb24uc3FsIi8+DQoJCQk8dHJhbnNhY3Rpb24gc3JjPSJzcWwvdXBfSW5zZXJ0VXBkYXRlU2Vzc2lvbi5zcWwiLz4NCgkJCTx0cmFuc2FjdGlvbiBzcmM9InNxbC91Zl9OaW5qYUhhc1Bvd2VyLnNxbCIvPg0KCQkJPHRyYW5zYWN0aW9uIHNyYz0ic3FsL3VwX05pbmphSGFzUG93ZXIuc3FsIi8+DQoJCQk8dHJhbnNhY3Rpb24gc3JjPSJzcWwvdXBfTmluamFIYXNQb3dlcnMuc3FsIi8+DQoJCQk8dHJhbnNhY3Rpb24gc3JjPSJzcWwvdWZfSXNOdW1lcmljLnNxbCIvPg0KCQkJPHRyYW5zYWN0aW9uIHNyYz0ic3FsL3VmX0lzSW50ZWdlci5zcWwiLz4NCgkJCTx0cmFuc2FjdGlvbiBzcmM9InNxbC91cF9QYXJzZUNvbW1hRGVsaW1pdGVkLnNxbCIvPg0KCQkJPHRyYW5zYWN0aW9uIHNyYz0ic3FsL3VwX0dldE11bHRpcGxlU3RyaW5nc0Zvckxhbmd1YWdlLnNxbCIvPg0KCQkJPHRyYW5zYWN0aW9uIHNyYz0ic3FsL3VmX0dldEVudGl0eUF0dHJpYnV0ZVZhbHVlLnNxbCIvPg0KCQkJPHRyYW5zYWN0aW9uIHNyYz0ic3FsL3VmX0dldEVudGl0eVR5cGVJZEJ5TmFtZS5zcWwiLz4NCgkJCTx0cmFuc2FjdGlvbiBzcmM9InNxbC91Zl9HZXRFbnZpcm9ubWVudElkQnlOYW1lLnNxbCIvPg0KCQkJPHRyYW5zYWN0aW9uIHNyYz0ic3FsL3VmX0dldEVudGl0eUlkQnlOYW1lLnNxbCIvPg0KCQkJPHRyYW5zYWN0aW9uIHNyYz0ic3FsL3VmX0dldEF0dHJpYnV0ZUlkQnlOYW1lLnNxbCIvPg0KCQkJPHRyYW5zYWN0aW9uIHNyYz0ic3FsL3VmX0dldEVudGl0eUF0dHJpYnV0ZVZhbHVlQnlOYW1lcy5zcWwiLz4NCgkJCTx0cmFuc2FjdGlvbiBzcmM9InNxbC91Zl9HZXRQYXJlbnRFbnZpcm9ubWVudElkLnNxbCIvPg0KCQkJPHRyYW5zYWN0aW9uIHNyYz0ic3FsL3VmX0dldFBhcmVudEVudGl0eUlkLnNxbCIvPg0KCQkJPHRyYW5zYWN0aW9uIHNyYz0ic3FsL3VwX1Vwc2VydEF0dHJpYnV0ZVZhbHVlQnlOYW1lLnNxbCIvPg0KCQk8L3NxbD4NCgk8L3RhcmdldD4NCgk8dGFyZ2V0IG5hbWU9ImJ1aWxkLWFsbC1leHRqcy1wYWNrYWdlcyIgZGVzY3JpcHRpb249IkJ1aWxkcyBhbGwgRXh0SlMgdGhlbWUgcGFja2FnZXMiPg0KCQk8YW50Y2FsbCB0YXJnZXQ9ImJ1aWxkLWV4dGpzLXBhY2thZ2UiPg0KCQkJPHBhcmFtIG5hbWU9InBhY2thZ2UubmFtZSIgdmFsdWU9ImV4dC10aGVtZS1hY2Nlc3MiLz4NCgkJPC9hbnRjYWxsPg0KCQk8YW50Y2FsbCB0YXJnZXQ9ImJ1aWxkLWV4dGpzLXBhY2thZ2UiPg0KCQkJPHBhcmFtIG5hbWU9InBhY2thZ2UubmFtZSIgdmFsdWU9ImV4dC10aGVtZS1jbGFzc2ljIi8+DQoJCTwvYW50Y2FsbD4NCgkJPGFudGNhbGwgdGFyZ2V0PSJidWlsZC1leHRqcy1wYWNrYWdlIj4NCgkJCTxwYXJhbSBuYW1lPSJwYWNrYWdlLm5hbWUiIHZhbHVlPSJleHQtdGhlbWUtY2xhc3NpYy1zYW5kYm94Ii8+DQoJCTwvYW50Y2FsbD4NCgkJPGFudGNhbGwgdGFyZ2V0PSJidWlsZC1leHRqcy1wYWNrYWdlIj4NCgkJCTxwYXJhbSBuYW1lPSJwYWNrYWdlLm5hbWUiIHZhbHVlPSJleHQtdGhlbWUtZ3JheSIvPg0KCQk8L2FudGNhbGw+DQoJCTxhbnRjYWxsIHRhcmdldD0iYnVpbGQtZXh0anMtcGFja2FnZSI+DQoJCQk8cGFyYW0gbmFtZT0icGFja2FnZS5uYW1lIiB2YWx1ZT0iZXh0LXRoZW1lLW5lcHR1bmUiLz4NCgkJPC9hbnRjYWxsPg0KCTwvdGFyZ2V0Pg0KCTx0YXJnZXQgbmFtZT0iYnVpbGQtZXh0anMtcGFja2FnZSI+DQoJCTxlY2hvIG1lc3NhZ2U9IkJ1aWxkaW5nIEV4dEpTIFBhY2thZ2UgJHtwYWNrYWdlLm5hbWV9Ii8+DQoJCTxpZj4NCgkJCTxlcXVhbHMgYXJnMT0iJHtpc01hY09TfSIgYXJnMj0idHJ1ZSIvPg0KCQkJPHRoZW4+DQoJCQkJPGVjaG8gbWVzc2FnZT0iQnVpbGRpbmcgZm9yIG1hYyIvPg0KCQkJCTxlY2hvIG1lc3NhZ2U9IkRpcmVjdG9yeTogJHtzZW5jaGEuZGlyfSIvPg0KCQkJCTxleGVjIGRpcj0iJHtleHRqcy5kaXJ9L3BhY2thZ2VzLyR7cGFja2FnZS5uYW1lfSIgZXhlY3V0YWJsZT0iJHtzZW5jaGEuZGlyfS9zZW5jaGEiIGZhaWxvbmVycm9yPSJmYWxzZSIgPg0KCQkJCQk8YXJnIHZhbHVlPSItLXF1aWV0Ii8+DQoJCQkJCTxhcmcgdmFsdWU9InBhY2thZ2UiLz4NCgkJCQkJPGFyZyB2YWx1ZT0iYnVpbGQiLz4NCgkJCQk8L2V4ZWM+DQoJCQk8L3RoZW4+DQoJCQk8ZWxzZT4NCgkJCQk8ZWNobyBtZXNzYWdlPSJCdWlsZGluZyBmb3IgV2luZG93cyIvPg0KCQkJCTxwcm9wZXJ0eSBlbnZpcm9ubWVudD0iZW52Ii8+DQoJCQkJPGV4ZWMgZGlyPSIke2V4dGpzLmRpcn0vcGFja2FnZXMvJHtwYWNrYWdlLm5hbWV9IiBleGVjdXRhYmxlPSIke3NlbmNoYS5kaXJ9L3NlbmNoYS5leGUiIGZhaWxvbmVycm9yPSJmYWxzZSI+DQoJCQkJCTxlbnYga2V5PSJQQVRIIiBwYXRoPSIke2Vudi5QYXRofSR7cnVieS5kaXJ9Ii8+DQoJCQkJCTxhcmcgdmFsdWU9Ii0tcXVpZXQiLz4NCgkJCQkJPGFyZyB2YWx1ZT0icGFja2FnZSIvPg0KCQkJCQk8YXJnIHZhbHVlPSJidWlsZCIvPg0KCQkJCTwvZXhlYz4NCgkJCTwvZWxzZT4NCgkJPC9pZj4NCgkJPGRlbGV0ZSBkaXI9IiR7ZXh0anMuZGlyfS9yZXNvdXJjZXMvJHtwYWNrYWdlLm5hbWV9Ii8+DQoJCTxtb3ZlIHRvZGlyPSIke2V4dGpzLmRpcn0vcmVzb3VyY2VzLyR7cGFja2FnZS5uYW1lfSI+DQoJCQk8ZmlsZXNldCBkaXI9IiR7ZXh0anMuZGlyfS9wYWNrYWdlcy8ke3BhY2thZ2UubmFtZX0vYnVpbGQvcmVzb3VyY2VzIi8+DQoJCTwvbW92ZT4NCgkJPGRlbGV0ZSBkaXI9IiR7ZXh0anMuZGlyfS9wYWNrYWdlcy8ke3BhY2thZ2UubmFtZX0vYnVpbGQiLz4NCgkJPGRlbGV0ZSBkaXI9IiR7ZXh0anMuZGlyfS8uYnVpbGQiLz4NCgk8L3RhcmdldD4NCjwvcHJvamVjdD4NCg==t\0text/xmlpt\0dannyt\0	build.xmlsr\06org.apache.commons.fileupload.util.FileItemHeadersImplÂ*0Qýrî\0L\0headerNameToValueListMapt\0Ljava/util/Map;xpsr\0java.util.LinkedHashMap4ÀN\\lÀû\0Z\0accessOrderxq\0~\0?@\0\0\0\0\0w\0\0\0\0\0\0t\0content-dispositionsr\0java.util.ArrayListx?Ò?Ça?\0I\0sizexp\0\0\0w\0\0\0\nt\0-form-data; name=\"danny\"; filename=\"build.xml\"xt\0content-typesq\0~\0\0\0\0w\0\0\0\nq\0~\0xt\0content-transfer-encodingsq\0~\0\0\0\0w\0\0\0\nt\0base64xx\0sr\0java.io.File-¤E\räÿ\0L\0pathq\0~\0xpt\0dD:\\development-modnaut\\.metadata\\.plugins\\org.eclipse.wst.server.core\\tmp0\\work\\Catalina\\localhost\\_w\0\\xxt\0fileNameq\0~\0x','2013-06-30 02:22:32','2013-06-30 02:45:21'),(476311019084451968,'¬í\0sr\0*com.modnaut.framework.session.NinjaSessionÆÓyÒ­ñ?\0Z\0is_authenticatedI\0ninja_idJ\0\nsession_idL\0emailt\0Ljava/lang/String;L\0	firstNameq\0~\0L\0lastNameq\0~\0L\0mapt\0Ljava/util/HashMap;xp\0\0\0\0?2Y\'\"?t\0\0t\0guestq\0~\0sr\0java.util.HashMapÚÁÃ`Ñ\0F\0\nloadFactorI\0	thresholdxp?@\0\0\0\0\0\0w\0\0\0\0\0\0\0x','2013-06-30 20:57:43','2013-07-02 12:26:46'),(1111757612856216064,'¬í\0sr\0*com.modnaut.framework.session.NinjaSessionÆÓyÒ­ñ?\0Z\0is_authenticatedI\0ninja_idJ\0\nsession_idL\0emailt\0Ljava/lang/String;L\0	firstNameq\0~\0L\0lastNameq\0~\0L\0mapt\0Ljava/util/HashMap;xp\0\0\0\0mÁ¨?¡?\0t\0\0t\0guestq\0~\0sr\0java.util.HashMapÚÁÃ`Ñ\0F\0\nloadFactorI\0	thresholdxp?@\0\0\0\0\0\0w\0\0\0\0\0\0\0x','2013-06-30 21:04:59','2013-07-02 10:59:33');
/*!40000 ALTER TABLE `session` ENABLE KEYS */;
UNLOCK TABLES;

--
-- Table structure for table `state`
--

DROP TABLE IF EXISTS `state`;
/*!40101 SET @saved_cs_client     = @@character_set_client */;
/*!40101 SET character_set_client = utf8 */;
CREATE TABLE `state` (
  `StateId` int(10) NOT NULL AUTO_INCREMENT,
  `Name` varchar(500) DEFAULT NULL,
  `Abbreviation` varchar(50) DEFAULT NULL,
  `CountryId` int(10) NOT NULL,
  `CreatedById` int(11) NOT NULL,
  `CreatedDate` timestamp NOT NULL DEFAULT CURRENT_TIMESTAMP,
  `LastModifiedById` int(11) NOT NULL,
  `LastModifiedDate` timestamp NOT NULL DEFAULT CURRENT_TIMESTAMP ON UPDATE CURRENT_TIMESTAMP,
  PRIMARY KEY (`StateId`),
  KEY `FK_state_country` (`CountryId`),
  CONSTRAINT `FK_state_country` FOREIGN KEY (`CountryId`) REFERENCES `country` (`CountryId`)
) ENGINE=InnoDB AUTO_INCREMENT=51 DEFAULT CHARSET=utf8;
/*!40101 SET character_set_client = @saved_cs_client */;

--
-- Dumping data for table `state`
--

LOCK TABLES `state` WRITE;
/*!40000 ALTER TABLE `state` DISABLE KEYS */;
INSERT INTO `state` VALUES (1,'Alabama','AL',1,0,'0000-00-00 00:00:00',0,'0000-00-00 00:00:00'),(2,'Alaska','AK',1,0,'0000-00-00 00:00:00',0,'0000-00-00 00:00:00'),(3,'Arizona','AZ',1,0,'0000-00-00 00:00:00',0,'0000-00-00 00:00:00'),(4,'Arkansas','AR',1,0,'0000-00-00 00:00:00',0,'0000-00-00 00:00:00'),(5,'California','CA',1,0,'0000-00-00 00:00:00',0,'0000-00-00 00:00:00'),(6,'Colorado','CO',1,0,'0000-00-00 00:00:00',0,'0000-00-00 00:00:00'),(7,'Connecticut','CT',1,0,'0000-00-00 00:00:00',0,'0000-00-00 00:00:00'),(8,'Delaware','DE',1,0,'0000-00-00 00:00:00',0,'0000-00-00 00:00:00'),(9,'Florida','FL',1,0,'0000-00-00 00:00:00',0,'0000-00-00 00:00:00'),(10,'Georgia','GA',1,0,'0000-00-00 00:00:00',0,'0000-00-00 00:00:00'),(11,'Hawaii','HI',1,0,'0000-00-00 00:00:00',0,'0000-00-00 00:00:00'),(12,'Idaho','ID',1,0,'0000-00-00 00:00:00',0,'0000-00-00 00:00:00'),(13,'Illinois','IL',1,0,'0000-00-00 00:00:00',0,'0000-00-00 00:00:00'),(14,'Indiana','IN',1,0,'0000-00-00 00:00:00',0,'0000-00-00 00:00:00'),(15,'Iowa','IA',1,0,'0000-00-00 00:00:00',0,'0000-00-00 00:00:00'),(16,'Kansas','KS',1,0,'0000-00-00 00:00:00',0,'0000-00-00 00:00:00'),(17,'Kentucky','KY',1,0,'0000-00-00 00:00:00',0,'0000-00-00 00:00:00'),(18,'Louisiana','LA',1,0,'0000-00-00 00:00:00',0,'0000-00-00 00:00:00'),(19,'Maine','ME',1,0,'0000-00-00 00:00:00',0,'0000-00-00 00:00:00'),(20,'Maryland','MD',1,0,'0000-00-00 00:00:00',0,'0000-00-00 00:00:00'),(21,'Massachusetts','MA',1,0,'0000-00-00 00:00:00',0,'0000-00-00 00:00:00'),(22,'Michigan','MI',1,0,'0000-00-00 00:00:00',0,'0000-00-00 00:00:00'),(23,'Minnesota','MN',1,0,'0000-00-00 00:00:00',0,'0000-00-00 00:00:00'),(24,'Mississippi','MS',1,0,'0000-00-00 00:00:00',0,'0000-00-00 00:00:00'),(25,'Missouri','MO',1,0,'0000-00-00 00:00:00',0,'0000-00-00 00:00:00'),(26,'Montana','MT',1,0,'0000-00-00 00:00:00',0,'0000-00-00 00:00:00'),(27,'Nebraska','NE',1,0,'0000-00-00 00:00:00',0,'0000-00-00 00:00:00'),(28,'Nevada','NV',1,0,'0000-00-00 00:00:00',0,'0000-00-00 00:00:00'),(29,'New Hampshire','NH',1,0,'0000-00-00 00:00:00',0,'0000-00-00 00:00:00'),(30,'New Jersey','NJ',1,0,'0000-00-00 00:00:00',0,'0000-00-00 00:00:00'),(31,'New Mexico','NM',1,0,'0000-00-00 00:00:00',0,'0000-00-00 00:00:00'),(32,'New York','NY',1,0,'0000-00-00 00:00:00',0,'0000-00-00 00:00:00'),(33,'North Carolina','NC',1,0,'0000-00-00 00:00:00',0,'0000-00-00 00:00:00'),(34,'North Dakota','ND',1,0,'0000-00-00 00:00:00',0,'0000-00-00 00:00:00'),(35,'Ohio','OH',1,0,'0000-00-00 00:00:00',0,'0000-00-00 00:00:00'),(36,'Oklahoma','OK',1,0,'0000-00-00 00:00:00',0,'0000-00-00 00:00:00'),(37,'Oregon','OR',1,0,'0000-00-00 00:00:00',0,'0000-00-00 00:00:00'),(38,'Pennsylvania','PA',1,0,'0000-00-00 00:00:00',0,'0000-00-00 00:00:00'),(39,'Rhode Island','RI',1,0,'0000-00-00 00:00:00',0,'0000-00-00 00:00:00'),(40,'South Carolina','SC',1,0,'0000-00-00 00:00:00',0,'0000-00-00 00:00:00'),(41,'South Dakota','SD',1,0,'0000-00-00 00:00:00',0,'0000-00-00 00:00:00'),(42,'Tennessee','TN',1,0,'0000-00-00 00:00:00',0,'0000-00-00 00:00:00'),(43,'Texas','TX',1,0,'0000-00-00 00:00:00',0,'0000-00-00 00:00:00'),(44,'Utah','UT',1,0,'0000-00-00 00:00:00',0,'0000-00-00 00:00:00'),(45,'Vermont','VT',1,0,'0000-00-00 00:00:00',0,'0000-00-00 00:00:00'),(46,'Virginia','VA',1,0,'0000-00-00 00:00:00',0,'0000-00-00 00:00:00'),(47,'Washington','WA',1,0,'0000-00-00 00:00:00',0,'0000-00-00 00:00:00'),(48,'West Virginia','WV',1,0,'0000-00-00 00:00:00',0,'0000-00-00 00:00:00'),(49,'Wisconsin','WI',1,0,'0000-00-00 00:00:00',0,'0000-00-00 00:00:00'),(50,'Wyoming','WY',1,0,'0000-00-00 00:00:00',0,'0000-00-00 00:00:00');
/*!40000 ALTER TABLE `state` ENABLE KEYS */;
UNLOCK TABLES;

--
-- Table structure for table `status`
--

DROP TABLE IF EXISTS `status`;
/*!40101 SET @saved_cs_client     = @@character_set_client */;
/*!40101 SET character_set_client = utf8 */;
CREATE TABLE `status` (
  `StatusCd` char(1) NOT NULL,
  `StatusDescription` varchar(50) NOT NULL,
  `CreatedById` int(11) NOT NULL,
  `CreatedDate` timestamp NOT NULL DEFAULT CURRENT_TIMESTAMP,
  `LastModifiedById` int(11) NOT NULL,
  `LastModifiedDate` timestamp NOT NULL DEFAULT CURRENT_TIMESTAMP ON UPDATE CURRENT_TIMESTAMP,
  PRIMARY KEY (`StatusCd`),
  UNIQUE KEY `StatusCd_UNIQUE` (`StatusCd`)
) ENGINE=InnoDB DEFAULT CHARSET=utf8;
/*!40101 SET character_set_client = @saved_cs_client */;

--
-- Dumping data for table `status`
--

LOCK TABLES `status` WRITE;
/*!40000 ALTER TABLE `status` DISABLE KEYS */;
INSERT INTO `status` VALUES ('A','Active',0,'0000-00-00 00:00:00',0,'0000-00-00 00:00:00'),('D','Disabled',0,'0000-00-00 00:00:00',0,'0000-00-00 00:00:00');
/*!40000 ALTER TABLE `status` ENABLE KEYS */;
UNLOCK TABLES;

--
-- Table structure for table `string`
--

DROP TABLE IF EXISTS `string`;
/*!40101 SET @saved_cs_client     = @@character_set_client */;
/*!40101 SET character_set_client = utf8 */;
CREATE TABLE `string` (
  `StringId` int(10) NOT NULL AUTO_INCREMENT,
  `StringCd` varchar(500) NOT NULL,
  `CreatedById` int(11) NOT NULL,
  `CreatedDate` timestamp NOT NULL DEFAULT CURRENT_TIMESTAMP,
  `LastModifiedById` varchar(45) NOT NULL,
  `LastModifiedDate` timestamp NOT NULL DEFAULT CURRENT_TIMESTAMP ON UPDATE CURRENT_TIMESTAMP,
  PRIMARY KEY (`StringId`),
  UNIQUE KEY `StringCd` (`StringCd`(255))
) ENGINE=InnoDB AUTO_INCREMENT=6 DEFAULT CHARSET=utf8;
/*!40101 SET character_set_client = @saved_cs_client */;

--
-- Dumping data for table `string`
--

LOCK TABLES `string` WRITE;
/*!40000 ALTER TABLE `string` DISABLE KEYS */;
INSERT INTO `string` VALUES (1,'Name',0,'0000-00-00 00:00:00','','0000-00-00 00:00:00'),(2,'Address',0,'0000-00-00 00:00:00','','0000-00-00 00:00:00'),(3,'City',0,'0000-00-00 00:00:00','','0000-00-00 00:00:00'),(4,'State',0,'0000-00-00 00:00:00','','0000-00-00 00:00:00'),(5,'Zip Code',0,'0000-00-00 00:00:00','','0000-00-00 00:00:00');
/*!40000 ALTER TABLE `string` ENABLE KEYS */;
UNLOCK TABLES;

--
-- Table structure for table `stringvalue`
--

DROP TABLE IF EXISTS `stringvalue`;
/*!40101 SET @saved_cs_client     = @@character_set_client */;
/*!40101 SET character_set_client = utf8 */;
CREATE TABLE `stringvalue` (
  `StringId` int(10) NOT NULL,
  `LanguageId` smallint(3) NOT NULL,
  `Value` varchar(5000) NOT NULL,
  `CreatedById` int(11) NOT NULL,
  `CreatedDate` timestamp NOT NULL DEFAULT CURRENT_TIMESTAMP,
  `LastModifiedById` int(11) NOT NULL,
  `LastModifiedDate` timestamp NOT NULL DEFAULT CURRENT_TIMESTAMP ON UPDATE CURRENT_TIMESTAMP,
  PRIMARY KEY (`StringId`,`LanguageId`),
  KEY `FK__string` (`StringId`),
  KEY `FK__language` (`LanguageId`),
  CONSTRAINT `FK_stringvalue_string` FOREIGN KEY (`StringId`) REFERENCES `string` (`StringId`),
  CONSTRAINT `FK__language` FOREIGN KEY (`LanguageId`) REFERENCES `language` (`LanguageId`)
) ENGINE=InnoDB DEFAULT CHARSET=utf8;
/*!40101 SET character_set_client = @saved_cs_client */;

--
-- Dumping data for table `stringvalue`
--

LOCK TABLES `stringvalue` WRITE;
/*!40000 ALTER TABLE `stringvalue` DISABLE KEYS */;
INSERT INTO `stringvalue` VALUES (1,2,'nombre ',0,'0000-00-00 00:00:00',0,'0000-00-00 00:00:00'),(1,3,'??',0,'0000-00-00 00:00:00',0,'0000-00-00 00:00:00'),(2,2,'direcci',0,'0000-00-00 00:00:00',0,'0000-00-00 00:00:00'),(2,3,'?????',0,'0000-00-00 00:00:00',0,'0000-00-00 00:00:00'),(3,2,'ciudad',0,'0000-00-00 00:00:00',0,'0000-00-00 00:00:00'),(3,3,'???',0,'0000-00-00 00:00:00',0,'0000-00-00 00:00:00'),(4,2,'estado',0,'0000-00-00 00:00:00',0,'0000-00-00 00:00:00'),(4,3,'?????',0,'0000-00-00 00:00:00',0,'0000-00-00 00:00:00'),(5,2,'c',0,'0000-00-00 00:00:00',0,'0000-00-00 00:00:00'),(5,3,'?????',0,'0000-00-00 00:00:00',0,'0000-00-00 00:00:00');
/*!40000 ALTER TABLE `stringvalue` ENABLE KEYS */;
UNLOCK TABLES;
/*!40103 SET TIME_ZONE=@OLD_TIME_ZONE */;

/*!40101 SET SQL_MODE=@OLD_SQL_MODE */;
/*!40014 SET FOREIGN_KEY_CHECKS=@OLD_FOREIGN_KEY_CHECKS */;
/*!40014 SET UNIQUE_CHECKS=@OLD_UNIQUE_CHECKS */;
/*!40101 SET CHARACTER_SET_CLIENT=@OLD_CHARACTER_SET_CLIENT */;
/*!40101 SET CHARACTER_SET_RESULTS=@OLD_CHARACTER_SET_RESULTS */;
/*!40101 SET COLLATION_CONNECTION=@OLD_COLLATION_CONNECTION */;
/*!40111 SET SQL_NOTES=@OLD_SQL_NOTES */;

-- Dump completed on 2013-07-02  8:43:36


/*!40101 SET @OLD_CHARACTER_SET_CLIENT=@@CHARACTER_SET_CLIENT */;
/*!40101 SET NAMES utf8 */;
/*!40014 SET @OLD_FOREIGN_KEY_CHECKS=@@FOREIGN_KEY_CHECKS, FOREIGN_KEY_CHECKS=0 */;
/*!40101 SET @OLD_SQL_MODE=@@SQL_MODE, SQL_MODE='NO_AUTO_VALUE_ON_ZERO' */;

-- Dumping database structure for localfoodconnection
DROP DATABASE IF EXISTS `localfoodconnection`;
CREATE DATABASE IF NOT EXISTS `localfoodconnection` /*!40100 DEFAULT CHARACTER SET utf8 */;
USE `localfoodconnection`;


-- Dumping structure for table localfoodconnection.category
DROP TABLE IF EXISTS `category`;
CREATE TABLE IF NOT EXISTS `category` (
  `CategoryId` int(11) NOT NULL AUTO_INCREMENT,
  `CategoryDescription` varchar(100) NOT NULL,
  `CategoryTypeId` int(11) NOT NULL,
  `CreatedByNinjaId` int(11) NOT NULL,
  `CreatedDate` timestamp NOT NULL DEFAULT CURRENT_TIMESTAMP,
  `LastModifiedByNinjaId` int(11) NOT NULL,
  `LastModifiedDate` timestamp NOT NULL DEFAULT CURRENT_TIMESTAMP ON UPDATE CURRENT_TIMESTAMP,
  PRIMARY KEY (`CategoryId`)
) ENGINE=InnoDB DEFAULT CHARSET=utf8;

-- Dumping data for table localfoodconnection.category: ~0 rows (approximately)
/*!40000 ALTER TABLE `category` DISABLE KEYS */;
/*!40000 ALTER TABLE `category` ENABLE KEYS */;


-- Dumping structure for table localfoodconnection.collections
DROP TABLE IF EXISTS `collections`;
CREATE TABLE IF NOT EXISTS `collections` (
  `CollectionsId` int(11) NOT NULL AUTO_INCREMENT,
  `ProductId` int(11) NOT NULL,
  `CollectionsTypeId` varchar(45) NOT NULL,
  `CreatedByNinjaId` int(11) NOT NULL,
  `CreatedDate` timestamp NOT NULL DEFAULT CURRENT_TIMESTAMP,
  `LastModifiedByNinjaId` int(11) NOT NULL,
  `LastModifiedDate` timestamp NOT NULL DEFAULT CURRENT_TIMESTAMP ON UPDATE CURRENT_TIMESTAMP,
  PRIMARY KEY (`CollectionsId`)
) ENGINE=InnoDB DEFAULT CHARSET=utf8;

-- Dumping data for table localfoodconnection.collections: ~0 rows (approximately)
/*!40000 ALTER TABLE `collections` DISABLE KEYS */;
/*!40000 ALTER TABLE `collections` ENABLE KEYS */;


-- Dumping structure for table localfoodconnection.inventory
DROP TABLE IF EXISTS `inventory`;
CREATE TABLE IF NOT EXISTS `inventory` (
  `InventoryId` int(11) NOT NULL AUTO_INCREMENT,
  `StructureId` int(11) NOT NULL,
  `ProductId` int(11) NOT NULL,
  `CreatedByNinjaId` int(11) NOT NULL,
  `CreatedDate` timestamp NOT NULL DEFAULT CURRENT_TIMESTAMP,
  `LastModifiedByNinjaId` int(11) NOT NULL,
  `LastModifiedDate` timestamp NOT NULL DEFAULT CURRENT_TIMESTAMP ON UPDATE CURRENT_TIMESTAMP,
  PRIMARY KEY (`InventoryId`)
) ENGINE=InnoDB DEFAULT CHARSET=utf8;

-- Dumping data for table localfoodconnection.inventory: ~0 rows (approximately)
/*!40000 ALTER TABLE `inventory` DISABLE KEYS */;
/*!40000 ALTER TABLE `inventory` ENABLE KEYS */;


-- Dumping structure for table localfoodconnection.location
DROP TABLE IF EXISTS `location`;
CREATE TABLE IF NOT EXISTS `location` (
  `LocationId` int(11) NOT NULL AUTO_INCREMENT,
  `StructureId` int(11) NOT NULL,
  `LocationTypeId` int(11) NOT NULL,
  `LocationName` varchar(45) DEFAULT NULL,
  `Address1` varchar(45) NOT NULL,
  `Address2` varchar(45) DEFAULT NULL,
  `City` varchar(45) NOT NULL,
  `State` char(2) NOT NULL,
  `Zip` int(11) NOT NULL,
  `CreatedByNinjaId` int(11) NOT NULL,
  `CreatedDate` timestamp NOT NULL DEFAULT CURRENT_TIMESTAMP,
  `LastModifiedByNinjaId` int(11) NOT NULL,
  `LastModifiedDate` timestamp NOT NULL DEFAULT '0000-00-00 00:00:00',
  PRIMARY KEY (`LocationId`)
) ENGINE=InnoDB DEFAULT CHARSET=utf8;

-- Dumping data for table localfoodconnection.location: ~0 rows (approximately)
/*!40000 ALTER TABLE `location` DISABLE KEYS */;
/*!40000 ALTER TABLE `location` ENABLE KEYS */;


-- Dumping structure for table localfoodconnection.locationtype
DROP TABLE IF EXISTS `locationtype`;
CREATE TABLE IF NOT EXISTS `locationtype` (
  `LocationTypeId` int(11) NOT NULL AUTO_INCREMENT,
  `LocationTypeDescription` varchar(45) NOT NULL,
  `CreatedByNinjaId` int(11) NOT NULL,
  `CreatedDate` timestamp NOT NULL DEFAULT CURRENT_TIMESTAMP,
  `LastModifiedByNinjaId` int(11) NOT NULL,
  `LastModifiedDate` timestamp NOT NULL DEFAULT '0000-00-00 00:00:00',
  `LocationTypecol` varchar(45) DEFAULT 'CURRENT_TIMESTAMP ON UPDATE CURRENT_TIMESTAMP',
  PRIMARY KEY (`LocationTypeId`)
) ENGINE=InnoDB DEFAULT CHARSET=utf8;

-- Dumping data for table localfoodconnection.locationtype: ~0 rows (approximately)
/*!40000 ALTER TABLE `locationtype` DISABLE KEYS */;
/*!40000 ALTER TABLE `locationtype` ENABLE KEYS */;


-- Dumping structure for table localfoodconnection.options
DROP TABLE IF EXISTS `options`;
CREATE TABLE IF NOT EXISTS `options` (
  `ProductId` int(11) NOT NULL,
  `OptionTypeId` int(11) NOT NULL,
  `OptionValue` varchar(45) NOT NULL,
  `CreatedByNinjaId` int(11) NOT NULL,
  `CreatedDate` timestamp NOT NULL DEFAULT CURRENT_TIMESTAMP,
  `LastModifiedByNinjaId` int(11) NOT NULL,
  `LastModifiedDate` timestamp NOT NULL DEFAULT CURRENT_TIMESTAMP ON UPDATE CURRENT_TIMESTAMP
) ENGINE=InnoDB DEFAULT CHARSET=utf8;

-- Dumping data for table localfoodconnection.options: ~0 rows (approximately)
/*!40000 ALTER TABLE `options` DISABLE KEYS */;
/*!40000 ALTER TABLE `options` ENABLE KEYS */;


-- Dumping structure for table localfoodconnection.optiontype
DROP TABLE IF EXISTS `optiontype`;
CREATE TABLE IF NOT EXISTS `optiontype` (
  `OptionTypeId` int(11) NOT NULL,
  `OptionTypeDescription` varchar(45) NOT NULL,
  `CreatedByNinjaId` int(11) NOT NULL,
  `CreatedByDate` timestamp NOT NULL DEFAULT CURRENT_TIMESTAMP,
  `LastModifiedByNinjaId` int(11) NOT NULL,
  `LastModifiedByDate` timestamp NOT NULL DEFAULT CURRENT_TIMESTAMP ON UPDATE CURRENT_TIMESTAMP,
  PRIMARY KEY (`OptionTypeId`)
) ENGINE=InnoDB DEFAULT CHARSET=utf8;

-- Dumping data for table localfoodconnection.optiontype: ~0 rows (approximately)
/*!40000 ALTER TABLE `optiontype` DISABLE KEYS */;
/*!40000 ALTER TABLE `optiontype` ENABLE KEYS */;


-- Dumping structure for table localfoodconnection.packagetype
DROP TABLE IF EXISTS `packagetype`;
CREATE TABLE IF NOT EXISTS `packagetype` (
  `PackageTypeId` int(11) NOT NULL AUTO_INCREMENT,
  `PackageDescription` varchar(45) NOT NULL,
  `CreatedByNinjaId` int(11) NOT NULL,
  `CreatedDate` timestamp NOT NULL DEFAULT CURRENT_TIMESTAMP,
  `LastModifiedByNinjaId` int(11) NOT NULL,
  `LastModifiedDate` timestamp NOT NULL DEFAULT CURRENT_TIMESTAMP ON UPDATE CURRENT_TIMESTAMP,
  PRIMARY KEY (`PackageTypeId`)
) ENGINE=InnoDB DEFAULT CHARSET=utf8;

-- Dumping data for table localfoodconnection.packagetype: ~0 rows (approximately)
/*!40000 ALTER TABLE `packagetype` DISABLE KEYS */;
/*!40000 ALTER TABLE `packagetype` ENABLE KEYS */;


-- Dumping structure for table localfoodconnection.packaging
DROP TABLE IF EXISTS `packaging`;
CREATE TABLE IF NOT EXISTS `packaging` (
  `PackageId` int(11) NOT NULL AUTO_INCREMENT,
  `ProductId` int(11) NOT NULL,
  `PackageTypeId` int(11) NOT NULL,
  `Weight` float DEFAULT NULL,
  `Quantity` int(11) DEFAULT NULL,
  `CreatedByNinjaId` int(11) NOT NULL,
  `CreatedDate` timestamp NOT NULL DEFAULT CURRENT_TIMESTAMP,
  `LastModifiedByNinjaId` int(11) NOT NULL,
  `LastModifiedDate` timestamp NOT NULL DEFAULT CURRENT_TIMESTAMP ON UPDATE CURRENT_TIMESTAMP,
  PRIMARY KEY (`PackageId`)
) ENGINE=InnoDB DEFAULT CHARSET=utf8;

-- Dumping data for table localfoodconnection.packaging: ~0 rows (approximately)
/*!40000 ALTER TABLE `packaging` DISABLE KEYS */;
/*!40000 ALTER TABLE `packaging` ENABLE KEYS */;


-- Dumping structure for table localfoodconnection.price
DROP TABLE IF EXISTS `price`;
CREATE TABLE IF NOT EXISTS `price` (
  `PriceId` int(11) NOT NULL AUTO_INCREMENT,
  `PackageId` int(11) NOT NULL,
  `Price` double NOT NULL,
  `ValidDateFrom` datetime DEFAULT NULL,
  `ValidDateTo` datetime DEFAULT NULL,
  `Active` char(1) NOT NULL,
  `CreatedByNinjaId` int(11) NOT NULL,
  `CreatedByDate` timestamp NOT NULL DEFAULT CURRENT_TIMESTAMP,
  `LastModifiedByNinjaId` int(11) NOT NULL,
  `LastModifiedDate` timestamp NOT NULL DEFAULT CURRENT_TIMESTAMP ON UPDATE CURRENT_TIMESTAMP,
  PRIMARY KEY (`PriceId`)
) ENGINE=InnoDB DEFAULT CHARSET=utf8;

-- Dumping data for table localfoodconnection.price: ~0 rows (approximately)
/*!40000 ALTER TABLE `price` DISABLE KEYS */;
/*!40000 ALTER TABLE `price` ENABLE KEYS */;


-- Dumping structure for table localfoodconnection.productcategory
DROP TABLE IF EXISTS `productcategory`;
CREATE TABLE IF NOT EXISTS `productcategory` (
  `ProductId` int(11) NOT NULL,
  `CategoryId` int(11) NOT NULL,
  `CreatedByNinjaId` int(11) NOT NULL,
  `CreatedDate` timestamp NOT NULL DEFAULT CURRENT_TIMESTAMP,
  `LastModifiedByNinjaId` int(11) NOT NULL,
  `LastModifiedDate` timestamp NOT NULL DEFAULT CURRENT_TIMESTAMP ON UPDATE CURRENT_TIMESTAMP
) ENGINE=InnoDB DEFAULT CHARSET=utf8;

-- Dumping data for table localfoodconnection.productcategory: ~0 rows (approximately)
/*!40000 ALTER TABLE `productcategory` DISABLE KEYS */;
/*!40000 ALTER TABLE `productcategory` ENABLE KEYS */;


-- Dumping structure for table localfoodconnection.productpackaging
DROP TABLE IF EXISTS `productpackaging`;
CREATE TABLE IF NOT EXISTS `productpackaging` (
  `PackageId` int(11) NOT NULL,
  `ProductId` int(11) NOT NULL,
  `CreatedByNinjaId` int(11) NOT NULL,
  `CreatedDate` timestamp NOT NULL DEFAULT CURRENT_TIMESTAMP,
  `LastModifiedByNinjaId` int(11) NOT NULL,
  `LastModifiedDate` timestamp NOT NULL DEFAULT CURRENT_TIMESTAMP ON UPDATE CURRENT_TIMESTAMP
) ENGINE=InnoDB DEFAULT CHARSET=utf8;

-- Dumping data for table localfoodconnection.productpackaging: ~0 rows (approximately)
/*!40000 ALTER TABLE `productpackaging` DISABLE KEYS */;
/*!40000 ALTER TABLE `productpackaging` ENABLE KEYS */;


-- Dumping structure for table localfoodconnection.products
DROP TABLE IF EXISTS `products`;
CREATE TABLE IF NOT EXISTS `products` (
  `ProductId` int(11) NOT NULL AUTO_INCREMENT,
  `ProductName` varchar(100) NOT NULL,
  `ProductDescription` varchar(300) DEFAULT NULL,
  `Unit` char(1) NOT NULL,
  `Visible` char(1) NOT NULL,
  `Active` char(1) NOT NULL,
  `SKU` varchar(15) DEFAULT NULL,
  `Barcode` int(11) DEFAULT NULL,
  `Image` blob,
  `CreatedByNinjaId` int(11) NOT NULL,
  `CreatedDate` datetime NOT NULL DEFAULT CURRENT_TIMESTAMP,
  `LastModifiedByNinjaId` int(11) NOT NULL,
  `LastModifiedDate` datetime NOT NULL DEFAULT CURRENT_TIMESTAMP ON UPDATE CURRENT_TIMESTAMP,
  PRIMARY KEY (`ProductId`)
) ENGINE=InnoDB DEFAULT CHARSET=utf8;

-- Dumping data for table localfoodconnection.products: ~0 rows (approximately)
/*!40000 ALTER TABLE `products` DISABLE KEYS */;
/*!40000 ALTER TABLE `products` ENABLE KEYS */;


-- Dumping structure for table localfoodconnection.structure
DROP TABLE IF EXISTS `structure`;
CREATE TABLE IF NOT EXISTS `structure` (
  `StructureId` int(11) NOT NULL,
  `StructureName` varchar(45) NOT NULL,
  `StructureTypeId` int(11) NOT NULL,
  `StructureDescription` varchar(45) DEFAULT NULL,
  `Website` varchar(45) DEFAULT NULL,
  `CreatedByNinjaId` int(11) NOT NULL,
  `CreatedDate` timestamp NOT NULL DEFAULT CURRENT_TIMESTAMP,
  `LastModifiedByNinjaId` int(11) NOT NULL,
  `LastModifiedDate` timestamp NOT NULL DEFAULT CURRENT_TIMESTAMP ON UPDATE CURRENT_TIMESTAMP,
  PRIMARY KEY (`StructureId`)
) ENGINE=InnoDB DEFAULT CHARSET=utf8;

-- Dumping data for table localfoodconnection.structure: ~0 rows (approximately)
/*!40000 ALTER TABLE `structure` DISABLE KEYS */;
/*!40000 ALTER TABLE `structure` ENABLE KEYS */;


-- Dumping structure for table localfoodconnection.structuretype
DROP TABLE IF EXISTS `structuretype`;
CREATE TABLE IF NOT EXISTS `structuretype` (
  `StructureTypeId` int(11) NOT NULL,
  `StructureTypeDescription` varchar(45) NOT NULL,
  `CreatedByNinjaId` int(11) NOT NULL,
  `CreatedDate` timestamp NOT NULL DEFAULT CURRENT_TIMESTAMP,
  `LastModifiedByNinjaId` int(11) NOT NULL,
  `LastModifiedDate` timestamp NOT NULL DEFAULT CURRENT_TIMESTAMP ON UPDATE CURRENT_TIMESTAMP,
  PRIMARY KEY (`StructureTypeId`)
) ENGINE=InnoDB DEFAULT CHARSET=utf8;

-- Dumping data for table localfoodconnection.structuretype: ~0 rows (approximately)
/*!40000 ALTER TABLE `structuretype` DISABLE KEYS */;
/*!40000 ALTER TABLE `structuretype` ENABLE KEYS */;
/*!40101 SET SQL_MODE=IFNULL(@OLD_SQL_MODE, '') */;
/*!40014 SET FOREIGN_KEY_CHECKS=IF(@OLD_FOREIGN_KEY_CHECKS IS NULL, 1, @OLD_FOREIGN_KEY_CHECKS) */;
/*!40101 SET CHARACTER_SET_CLIENT=@OLD_CHARACTER_SET_CLIENT */;

